<view:view xmlns:view="http://www.alfresco.org/view/repository/1.0"
           xmlns:sys="http://www.alfresco.org/model/system/1.0"
           xmlns:cm="http://www.alfresco.org/model/content/1.0">
   
	<cm:category_root view:childName="cm:categoryRoot">
		<cm:name>${bootstrap.categories.name}</cm:name>
		<cm:categories>
         
			<!-- Software Document Classification -->
			<cm:category view:childName="cm:generalclassifiable">
                <cm:name>${bootstrap.categories.cm_generalclassifiable.name}</cm:name>
				<cm:subcategories>
                <cm:category>
				<cm:name>${bootstrap.categories.cm_generalclassifiable.software_document_classification.name}</cm:name>
				<cm:subcategories>
					<cm:category>
						<cm:name>${bootstrap.categories.cm_generalclassifiable.software_document_classification.software_descriptions.name}</cm:name>
						<cm:subcategories>
							<cm:category>
								<cm:name>${bootstrap.categories.cm_generalclassifiable.software_document_classification.software_descriptions.main_software_descriptions.name}</cm:name>
								<cm:subcategories>
									<cm:category>
										<cm:name>${bootstrap.categories.cm_generalclassifiable.software_document_classification.software_descriptions.main_software_descriptions.short_system_description.name}</cm:name>
									</cm:category>
									<cm:category>
										<cm:name>${bootstrap.categories.cm_generalclassifiable.software_document_classification.software_descriptions.main_software_descriptions.requirement_description.name}</cm:name>
									</cm:category>
									<cm:category>
										<cm:name>${bootstrap.categories.cm_generalclassifiable.software_document_classification.software_descriptions.main_software_descriptions.architecture_description.name}</cm:name>
									</cm:category>
									<cm:category>
										<cm:name>${bootstrap.categories.cm_generalclassifiable.software_document_classification.software_descriptions.main_software_descriptions.implementation_description.name}</cm:name>
									</cm:category>
									<cm:category>
										<cm:name>${bootstrap.categories.cm_generalclassifiable.software_document_classification.software_descriptions.main_software_descriptions.configuration_description.name}</cm:name>
									</cm:category>
								</cm:subcategories>
							</cm:category>
							<cm:category>
								<cm:name>${bootstrap.categories.cm_generalclassifiable.software_document_classification.software_descriptions.software_description_appendices.name}</cm:name>
								<cm:subcategories>
									<cm:category>
										<cm:name>${bootstrap.categories.cm_generalclassifiable.software_document_classification.software_descriptions.software_description_appendices.terminology_description.name}</cm:name>
									</cm:category>
									<cm:category>
										<cm:name>${bootstrap.categories.cm_generalclassifiable.software_document_classification.software_descriptions.software_description_appendices.internal_message_description.name}</cm:name>
									</cm:category>
									<cm:category>
										<cm:name>${bootstrap.categories.cm_generalclassifiable.software_document_classification.software_descriptions.software_description_appendices.external_message_description.name}</cm:name>
									</cm:category>
									<cm:category>
										<cm:name>${bootstrap.categories.cm_generalclassifiable.software_document_classification.software_descriptions.software_description_appendices.record_description.name}</cm:name>
									</cm:category>
									<cm:category>
										<cm:name>${bootstrap.categories.cm_generalclassifiable.software_document_classification.software_descriptions.software_description_appendices.user_interface_description.name}</cm:name>
									</cm:category>
									<cm:category>
										<cm:name>${bootstrap.categories.cm_generalclassifiable.software_document_classification.software_descriptions.software_description_appendices.process_description.name}</cm:name>
									</cm:category>
									<cm:category>
										<cm:name>${bootstrap.categories.cm_generalclassifiable.software_document_classification.software_descriptions.software_description_appendices.initialization_description.name}</cm:name>
									</cm:category>
								</cm:subcategories>
							</cm:category>
						</cm:subcategories>
					</cm:category>
					<cm:category>
						<cm:name>${bootstrap.categories.cm_generalclassifiable.software_document_classification.utilization_documents.name}</cm:name>
						<cm:subcategories>
							<cm:category>
								<cm:name>${bootstrap.categories.cm_generalclassifiable.software_document_classification.utilization_documents.users_manual.name}</cm:name>
							</cm:category>
							<cm:category>
								<cm:name>${bootstrap.categories.cm_generalclassifiable.software_document_classification.utilization_documents.operators_manual.name}</cm:name>
							</cm:category>
							<cm:category>
								<cm:name>${bootstrap.categories.cm_generalclassifiable.software_document_classification.utilization_documents.installation_manual.name}</cm:name>
							</cm:category>
							<cm:category>
								<cm:name>${bootstrap.categories.cm_generalclassifiable.software_document_classification.utilization_documents.service_manual.name}</cm:name>
							</cm:category>
							<cm:category>
								<cm:name>${bootstrap.categories.cm_generalclassifiable.software_document_classification.utilization_documents.users_help.name}</cm:name>
							</cm:category>
							<cm:category>
								<cm:name>${bootstrap.categories.cm_generalclassifiable.software_document_classification.utilization_documents.operators_help.name}</cm:name>
							</cm:category>
							<cm:category>
								<cm:name>${bootstrap.categories.cm_generalclassifiable.software_document_classification.utilization_documents.installations_help.name}</cm:name>
							</cm:category>
							<cm:category>
								<cm:name>${bootstrap.categories.cm_generalclassifiable.software_document_classification.utilization_documents.service_help.name}</cm:name>
							</cm:category>
						</cm:subcategories>
					</cm:category>
					<cm:category>
						<cm:name>${bootstrap.categories.cm_generalclassifiable.software_document_classification.development_plans.name}</cm:name>
						<cm:subcategories>
							<cm:category>
								<cm:name>${bootstrap.categories.cm_generalclassifiable.software_document_classification.development_plans.responsibility_plan.name}</cm:name>
							</cm:category>
							<cm:category>
								<cm:name>${bootstrap.categories.cm_generalclassifiable.software_document_classification.development_plans.work_breakdown_plan.name}</cm:name>
							</cm:category>
							<cm:category>
								<cm:name>${bootstrap.categories.cm_generalclassifiable.software_document_classification.development_plans.schedule_plan.name}</cm:name>
							</cm:category>
							<cm:category>
								<cm:name>${bootstrap.categories.cm_generalclassifiable.software_document_classification.development_plans.expense_plan.name}</cm:name>
							</cm:category>
							<cm:category>
								<cm:name>${bootstrap.categories.cm_generalclassifiable.software_document_classification.development_plans.phase_plan.name}</cm:name>
							</cm:category>
							<cm:category>
								<cm:name>${bootstrap.categories.cm_generalclassifiable.software_document_classification.development_plans.risk_plan.name}</cm:name>
							</cm:category>
							<cm:category>
								<cm:name>${bootstrap.categories.cm_generalclassifiable.software_document_classification.development_plans.test_plan.name}</cm:name>
							</cm:category>
							<cm:category>
								<cm:name>${bootstrap.categories.cm_generalclassifiable.software_document_classification.development_plans.acceptance_plan.name}</cm:name>
							</cm:category>
							<cm:category>
								<cm:name>${bootstrap.categories.cm_generalclassifiable.software_document_classification.development_plans.manual_plan.name}</cm:name>
							</cm:category>
							<cm:category>
								<cm:name>${bootstrap.categories.cm_generalclassifiable.software_document_classification.development_plans.method_plan.name}</cm:name>
							</cm:category>
							<cm:category>
								<cm:name>${bootstrap.categories.cm_generalclassifiable.software_document_classification.development_plans.quality_plan.name}</cm:name>
							</cm:category>
							<cm:category>
								<cm:name>${bootstrap.categories.cm_generalclassifiable.software_document_classification.development_plans.documentation_plan.name}</cm:name>
							</cm:category>
							<cm:category>
								<cm:name>${bootstrap.categories.cm_generalclassifiable.software_document_classification.development_plans.version_control_plan.name}</cm:name>
							</cm:category>
						</cm:subcategories>
					</cm:category>
					<cm:category>
						<cm:name>${bootstrap.categories.cm_generalclassifiable.software_document_classification.quality_documents.name}</cm:name>
						<cm:subcategories>
							<cm:category>
								<cm:name>${bootstrap.categories.cm_generalclassifiable.software_document_classification.quality_documents.change_request.name}</cm:name>
							</cm:category>
							<cm:category>
								<cm:name>${bootstrap.categories.cm_generalclassifiable.software_document_classification.quality_documents.analysis_request.name}</cm:name>
							</cm:category>
							<cm:category>
								<cm:name>${bootstrap.categories.cm_generalclassifiable.software_document_classification.quality_documents.information_request.name}</cm:name>
							</cm:category>
							<cm:category>
								<cm:name>${bootstrap.categories.cm_generalclassifiable.software_document_classification.quality_documents.readers_report.name}</cm:name>
							</cm:category>
							<cm:category>
								<cm:name>${bootstrap.categories.cm_generalclassifiable.software_document_classification.quality_documents.review_report.name}</cm:name>
							</cm:category>
							<cm:category>
								<cm:name>${bootstrap.categories.cm_generalclassifiable.software_document_classification.quality_documents.inspection_report.name}</cm:name>
							</cm:category>
							<cm:category>
								<cm:name>${bootstrap.categories.cm_generalclassifiable.software_document_classification.quality_documents.test_report.name}</cm:name>
							</cm:category>
							<cm:category>
								<cm:name>${bootstrap.categories.cm_generalclassifiable.software_document_classification.quality_documents.review_call.name}</cm:name>
							</cm:category>
							<cm:category>
								<cm:name>${bootstrap.categories.cm_generalclassifiable.software_document_classification.quality_documents.inspection_call.name}</cm:name>
							</cm:category>
							<cm:category>
								<cm:name>${bootstrap.categories.cm_generalclassifiable.software_document_classification.quality_documents.test_call.name}</cm:name>
							</cm:category>
						</cm:subcategories>
					</cm:category>
					<cm:category>
						<cm:name>${bootstrap.categories.cm_generalclassifiable.software_document_classification.administrative_documents.name}</cm:name>
						<cm:subcategories>
							<cm:category>
								<cm:name>${bootstrap.categories.cm_generalclassifiable.software_document_classification.administrative_documents.preliminary_contract.name}</cm:name>
							</cm:category>
							<cm:category>
								<cm:name>${bootstrap.categories.cm_generalclassifiable.software_document_classification.administrative_documents.development_contract.name}</cm:name>
							</cm:category>
							<cm:category>
								<cm:name>${bootstrap.categories.cm_generalclassifiable.software_document_classification.administrative_documents.extended_contract.name}</cm:name>
							</cm:category>
							<cm:category>
								<cm:name>${bootstrap.categories.cm_generalclassifiable.software_document_classification.administrative_documents.maintenance_contract.name}</cm:name>
							</cm:category>
							<cm:category>
								<cm:name>${bootstrap.categories.cm_generalclassifiable.software_document_classification.administrative_documents.contract_review_minutes.name}</cm:name>
							</cm:category>
							<cm:category>
								<cm:name>${bootstrap.categories.cm_generalclassifiable.software_document_classification.administrative_documents.project_meeting_minutes.name}</cm:name>
							</cm:category>
						</cm:subcategories>
					</cm:category>
				</cm:subcategories>
			    </cm:category>


			    <!-- Languages -->
			    <cm:category>
				<cm:name>${bootstrap.categories.cm_generalclassifiable.languages.name}</cm:name>
				<cm:subcategories>
					<cm:category>
						<cm:name>${bootstrap.categories.cm_generalclassifiable.languages.english.name}</cm:name>
						<cm:subcategories>
							<cm:category>
								<cm:name>${bootstrap.categories.cm_generalclassifiable.languages.english.british_english.name}</cm:name>
							</cm:category>
							<cm:category>
								<cm:name>${bootstrap.categories.cm_generalclassifiable.languages.english.american_english.name}</cm:name>
							</cm:category>
							<cm:category>
								<cm:name>${bootstrap.categories.cm_generalclassifiable.languages.english.australian_english.name}</cm:name>
							</cm:category>
							<cm:category>
								<cm:name>${bootstrap.categories.cm_generalclassifiable.languages.english.canadian_english.name}</cm:name>
							</cm:category>
							<cm:category>
								<cm:name>${bootstrap.categories.cm_generalclassifiable.languages.english.indian_english.name}</cm:name>
							</cm:category>
						</cm:subcategories>
					</cm:category>
					<cm:category>
						<cm:name>${bootstrap.categories.cm_generalclassifiable.languages.french.name}</cm:name>
						<cm:subcategories>
							<cm:category>
								<cm:name>${bootstrap.categories.cm_generalclassifiable.languages.french.french_french.name}</cm:name>
							</cm:category>
							<cm:category>
								<cm:name>${bootstrap.categories.cm_generalclassifiable.languages.french.canadian_french.name}</cm:name>
							</cm:category>
						</cm:subcategories>
					</cm:category>
					<cm:category>
						<cm:name>${bootstrap.categories.cm_generalclassifiable.languages.german.name}</cm:name>
						<cm:subcategories>
							<cm:category>
								<cm:name>${bootstrap.categories.cm_generalclassifiable.languages.german.german_german.name}</cm:name>
							</cm:category>
							<cm:category>
								<cm:name>${bootstrap.categories.cm_generalclassifiable.languages.german.austrian_german.name}</cm:name>
							</cm:category>
							<cm:category>
								<cm:name>${bootstrap.categories.cm_generalclassifiable.languages.german.swiss_german.name}</cm:name>
							</cm:category>
						</cm:subcategories>
					</cm:category>
					<cm:category>
						<cm:name>${bootstrap.categories.cm_generalclassifiable.languages.Spanish.name}</cm:name>
						<cm:subcategories>
							<cm:category>
								<cm:name>${bootstrap.categories.cm_generalclassifiable.languages.Spanish.spanish.name}</cm:name>
							</cm:category>
							<cm:category>
								<cm:name>${bootstrap.categories.cm_generalclassifiable.languages.Spanish.mexican_spanish.name}</cm:name>
							</cm:category>
							<cm:category>
								<cm:name>${bootstrap.categories.cm_generalclassifiable.languages.Spanish.american_spanish.name}</cm:name>
							</cm:category>
						</cm:subcategories>
					</cm:category>
				</cm:subcategories>
			    </cm:category>


			    <!-- Regions -->
			    <cm:category>
				<cm:name>${bootstrap.categories.cm_generalclassifiable.regions.name}</cm:name>
				<cm:subcategories>
					<cm:category>
						<cm:name>${bootstrap.categories.cm_generalclassifiable.regions.africa.name}</cm:name>
						<cm:subcategories>
							<cm:category>
								<cm:name>${bootstrap.categories.cm_generalclassifiable.regions.africa.eastern_africa.name}</cm:name>
								<cm:subcategories>
									<cm:category>
										<cm:name>${bootstrap.categories.cm_generalclassifiable.regions.africa.eastern_africa.burundi.name}</cm:name>
									</cm:category>
									<cm:category>
										<cm:name>${bootstrap.categories.cm_generalclassifiable.regions.africa.eastern_africa.comoros.name}</cm:name>
									</cm:category>
									<cm:category>
										<cm:name>${bootstrap.categories.cm_generalclassifiable.regions.africa.eastern_africa.djibouti.name}</cm:name>
									</cm:category>
									<cm:category>
										<cm:name>${bootstrap.categories.cm_generalclassifiable.regions.africa.eastern_africa.eritrea.name}</cm:name>
									</cm:category>
									<cm:category>
										<cm:name>${bootstrap.categories.cm_generalclassifiable.regions.africa.eastern_africa.ethiopia.name}</cm:name>
									</cm:category>
									<cm:category>
										<cm:name>${bootstrap.categories.cm_generalclassifiable.regions.africa.eastern_africa.kenya.name}</cm:name>
									</cm:category>
									<cm:category>
										<cm:name>${bootstrap.categories.cm_generalclassifiable.regions.africa.eastern_africa.madagascar.name}</cm:name>
									</cm:category>
									<cm:category>
										<cm:name>${bootstrap.categories.cm_generalclassifiable.regions.africa.eastern_africa.malawi.name}</cm:name>
									</cm:category>
									<cm:category>
										<cm:name>${bootstrap.categories.cm_generalclassifiable.regions.africa.eastern_africa.mauritius.name}</cm:name>
									</cm:category>
									<cm:category>
										<cm:name>${bootstrap.categories.cm_generalclassifiable.regions.africa.eastern_africa.mozambique.name}</cm:name>
									</cm:category>
									<cm:category>
										<cm:name>${bootstrap.categories.cm_generalclassifiable.regions.africa.eastern_africa.reunion.name}</cm:name>
									</cm:category>
									<cm:category>
										<cm:name>${bootstrap.categories.cm_generalclassifiable.regions.africa.eastern_africa.rwanda.name}</cm:name>
									</cm:category>
									<cm:category>
										<cm:name>${bootstrap.categories.cm_generalclassifiable.regions.africa.eastern_africa.seychelles.name}</cm:name>
									</cm:category>
									<cm:category>
										<cm:name>${bootstrap.categories.cm_generalclassifiable.regions.africa.eastern_africa.somalia.name}</cm:name>
									</cm:category>
									<cm:category>
										<cm:name>${bootstrap.categories.cm_generalclassifiable.regions.africa.eastern_africa.uganda.name}</cm:name>
									</cm:category>
									<cm:category>
										<cm:name>${bootstrap.categories.cm_generalclassifiable.regions.africa.eastern_africa.tanzania.name}</cm:name>
									</cm:category>
									<cm:category>
										<cm:name>${bootstrap.categories.cm_generalclassifiable.regions.africa.eastern_africa.zambia.name}</cm:name>
									</cm:category>
									<cm:category>
										<cm:name>${bootstrap.categories.cm_generalclassifiable.regions.africa.eastern_africa.zimbabwe.name}</cm:name>
									</cm:category>
								</cm:subcategories>
							</cm:category>
							<cm:category>
								<cm:name>${bootstrap.categories.cm_generalclassifiable.regions.africa.middle_africa.name}</cm:name>
								<cm:subcategories>
									<cm:category>
										<cm:name>${bootstrap.categories.cm_generalclassifiable.regions.africa.middle_africa.angola.name}</cm:name>
									</cm:category>
									<cm:category>
										<cm:name>${bootstrap.categories.cm_generalclassifiable.regions.africa.middle_africa.cameroon.name}</cm:name>
									</cm:category>
									<cm:category>
										<cm:name>${bootstrap.categories.cm_generalclassifiable.regions.africa.middle_africa.central_african_republic.name}</cm:name>
									</cm:category>
									<cm:category>
										<cm:name>${bootstrap.categories.cm_generalclassifiable.regions.africa.middle_africa.chad.name}</cm:name>
									</cm:category>
									<cm:category>
										<cm:name>${bootstrap.categories.cm_generalclassifiable.regions.africa.middle_africa.congo.name}</cm:name>
									</cm:category>
									<cm:category>
										<cm:name>${bootstrap.categories.cm_generalclassifiable.regions.africa.middle_africa.rep_congo.name}</cm:name>
									</cm:category>
									<cm:category>
										<cm:name>${bootstrap.categories.cm_generalclassifiable.regions.africa.middle_africa.guinea.name}</cm:name>
									</cm:category>
									<cm:category>
										<cm:name>${bootstrap.categories.cm_generalclassifiable.regions.africa.middle_africa.gabon.name}</cm:name>
									</cm:category>
									<cm:category>
										<cm:name>${bootstrap.categories.cm_generalclassifiable.regions.africa.middle_africa.sao_tome.name}</cm:name>
									</cm:category>
								</cm:subcategories>
							</cm:category>
							<cm:category>
								<cm:name>${bootstrap.categories.cm_generalclassifiable.regions.africa.northern_africa.name}</cm:name>
								<cm:subcategories>
									<cm:category>
										<cm:name>${bootstrap.categories.cm_generalclassifiable.regions.africa.northern_africa.algeria.name}</cm:name>
									</cm:category>
									<cm:category>
										<cm:name>${bootstrap.categories.cm_generalclassifiable.regions.africa.northern_africa.egypt.name}</cm:name>
									</cm:category>
									<cm:category>
										<cm:name>${bootstrap.categories.cm_generalclassifiable.regions.africa.northern_africa.libyan_arab_jamahiriya.name}</cm:name>
									</cm:category>
									<cm:category>
										<cm:name>${bootstrap.categories.cm_generalclassifiable.regions.africa.northern_africa.morocco.name}</cm:name>
									</cm:category>
									<cm:category>
										<cm:name>${bootstrap.categories.cm_generalclassifiable.regions.africa.northern_africa.sudan.name}</cm:name>
									</cm:category>
									<cm:category>
										<cm:name>${bootstrap.categories.cm_generalclassifiable.regions.africa.northern_africa.tunisia.name}</cm:name>
									</cm:category>
									<cm:category>
										<cm:name>${bootstrap.categories.cm_generalclassifiable.regions.africa.northern_africa.western_sahara.name}</cm:name>
									</cm:category>
								</cm:subcategories>
							</cm:category>
							<cm:category>
								<cm:name>${bootstrap.categories.cm_generalclassifiable.regions.africa.southern_africa.name}</cm:name>
								<cm:subcategories>
									<cm:category>
										<cm:name>${bootstrap.categories.cm_generalclassifiable.regions.africa.southern_africa.botswana.name}</cm:name>
									</cm:category>
									<cm:category>
										<cm:name>${bootstrap.categories.cm_generalclassifiable.regions.africa.southern_africa.lesotho.name}</cm:name>
									</cm:category>
									<cm:category>
										<cm:name>${bootstrap.categories.cm_generalclassifiable.regions.africa.southern_africa.namibia.name}</cm:name>
									</cm:category>
									<cm:category>
										<cm:name>${bootstrap.categories.cm_generalclassifiable.regions.africa.southern_africa.south_africa.name}</cm:name>
									</cm:category>
									<cm:category>
										<cm:name>${bootstrap.categories.cm_generalclassifiable.regions.africa.southern_africa.swaziland.name}</cm:name>
									</cm:category>
								</cm:subcategories>
							</cm:category>
							<cm:category>
								<cm:name>${bootstrap.categories.cm_generalclassifiable.regions.africa.western_africa.name}</cm:name>
								<cm:subcategories>
									<cm:category>
										<cm:name>${bootstrap.categories.cm_generalclassifiable.regions.africa.western_africa.benin.name}</cm:name>
									</cm:category>
									<cm:category>
										<cm:name>${bootstrap.categories.cm_generalclassifiable.regions.africa.western_africa.burkina_faso.name}</cm:name>
									</cm:category>
									<cm:category>
										<cm:name>${bootstrap.categories.cm_generalclassifiable.regions.africa.western_africa.cape_verde.name}</cm:name>
									</cm:category>
									<cm:category>
										<cm:name>${bootstrap.categories.cm_generalclassifiable.regions.africa.western_africa.cote_divoire.name}</cm:name>
									</cm:category>
									<cm:category>
										<cm:name>${bootstrap.categories.cm_generalclassifiable.regions.africa.western_africa.gambia.name}</cm:name>
									</cm:category>
									<cm:category>
										<cm:name>${bootstrap.categories.cm_generalclassifiable.regions.africa.western_africa.ghana.name}</cm:name>
									</cm:category>
									<cm:category>
										<cm:name>${bootstrap.categories.cm_generalclassifiable.regions.africa.western_africa.guinea.name}</cm:name>
									</cm:category>
									<cm:category>
										<cm:name>${bootstrap.categories.cm_generalclassifiable.regions.africa.western_africa.guinea_bissau.name}</cm:name>
									</cm:category>
									<cm:category>
										<cm:name>${bootstrap.categories.cm_generalclassifiable.regions.africa.western_africa.liberia.name}</cm:name>
									</cm:category>
									<cm:category>
										<cm:name>${bootstrap.categories.cm_generalclassifiable.regions.africa.western_africa.mali.name}</cm:name>
									</cm:category>
									<cm:category>
										<cm:name>${bootstrap.categories.cm_generalclassifiable.regions.africa.western_africa.mauritania.name}</cm:name>
									</cm:category>
									<cm:category>
										<cm:name>${bootstrap.categories.cm_generalclassifiable.regions.africa.western_africa.niger.name}</cm:name>
									</cm:category>
									<cm:category>
										<cm:name>${bootstrap.categories.cm_generalclassifiable.regions.africa.western_africa.nigeria.name}</cm:name>
									</cm:category>
									<cm:category>
										<cm:name>${bootstrap.categories.cm_generalclassifiable.regions.africa.western_africa.saint_helena.name}</cm:name>
									</cm:category>
									<cm:category>
										<cm:name>${bootstrap.categories.cm_generalclassifiable.regions.africa.western_africa.senegal.name}</cm:name>
									</cm:category>
									<cm:category>
										<cm:name>${bootstrap.categories.cm_generalclassifiable.regions.africa.western_africa.sierra_leone.name}</cm:name>
									</cm:category>
									<cm:category>
										<cm:name>${bootstrap.categories.cm_generalclassifiable.regions.africa.western_africa.togo.name}</cm:name>
									</cm:category>
								</cm:subcategories>
							</cm:category>
						</cm:subcategories>
					</cm:category>
					<cm:category>
						<cm:name>${bootstrap.categories.cm_generalclassifiable.regions.asia.name}</cm:name>
						<cm:subcategories>
							<cm:category>
								<cm:name>${bootstrap.categories.cm_generalclassifiable.regions.asia.eastern_asia.name}</cm:name>
								<cm:subcategories>
									<cm:category>
										<cm:name>${bootstrap.categories.cm_generalclassifiable.regions.asia.eastern_asia.china.name}</cm:name>
									</cm:category>
									<cm:category>
										<cm:name>${bootstrap.categories.cm_generalclassifiable.regions.asia.eastern_asia.peoples_republic_korea.name}</cm:name>
									</cm:category>
									<cm:category>
										<cm:name>${bootstrap.categories.cm_generalclassifiable.regions.asia.eastern_asia.hong_kong.name}</cm:name>
									</cm:category>
									<cm:category>
										<cm:name>${bootstrap.categories.cm_generalclassifiable.regions.asia.eastern_asia.japan.name}</cm:name>
									</cm:category>
									<cm:category>
										<cm:name>${bootstrap.categories.cm_generalclassifiable.regions.asia.eastern_asia.macao.name}</cm:name>
									</cm:category>
									<cm:category>
										<cm:name>${bootstrap.categories.cm_generalclassifiable.regions.asia.eastern_asia.mongolia.name}</cm:name>
									</cm:category>
									<cm:category>
										<cm:name>${bootstrap.categories.cm_generalclassifiable.regions.asia.eastern_asia.korea.name}</cm:name>
									</cm:category>
								</cm:subcategories>
							</cm:category>
							<cm:category>
								<cm:name>${bootstrap.categories.cm_generalclassifiable.regions.asia.south_central_asia.name}</cm:name>
								<cm:subcategories>
									<cm:category>
										<cm:name>${bootstrap.categories.cm_generalclassifiable.regions.asia.south_central_asia.afghanistan.name}</cm:name>
									</cm:category>
									<cm:category>
										<cm:name>${bootstrap.categories.cm_generalclassifiable.regions.asia.south_central_asia.bangladesh.name}</cm:name>
									</cm:category>
									<cm:category>
										<cm:name>${bootstrap.categories.cm_generalclassifiable.regions.asia.south_central_asia.bhutan.name}</cm:name>
									</cm:category>
									<cm:category>
										<cm:name>${bootstrap.categories.cm_generalclassifiable.regions.asia.south_central_asia.india.name}</cm:name>
									</cm:category>
									<cm:category>
										<cm:name>${bootstrap.categories.cm_generalclassifiable.regions.asia.south_central_asia.iran.name}</cm:name>
									</cm:category>
									<cm:category>
										<cm:name>${bootstrap.categories.cm_generalclassifiable.regions.asia.south_central_asia.kazakhstan.name}</cm:name>
									</cm:category>
									<cm:category>
										<cm:name>${bootstrap.categories.cm_generalclassifiable.regions.asia.south_central_asia.kyrgyzstan.name}</cm:name>
									</cm:category>
									<cm:category>
										<cm:name>${bootstrap.categories.cm_generalclassifiable.regions.asia.south_central_asia.maldives.name}</cm:name>
									</cm:category>
									<cm:category>
										<cm:name>${bootstrap.categories.cm_generalclassifiable.regions.asia.south_central_asia.nepal.name}</cm:name>
									</cm:category>
									<cm:category>
										<cm:name>${bootstrap.categories.cm_generalclassifiable.regions.asia.south_central_asia.pakistan.name}</cm:name>
									</cm:category>
									<cm:category>
										<cm:name>${bootstrap.categories.cm_generalclassifiable.regions.asia.south_central_asia.sri_lanka.name}</cm:name>
									</cm:category>
									<cm:category>
										<cm:name>${bootstrap.categories.cm_generalclassifiable.regions.asia.south_central_asia.tajikistan.name}</cm:name>
									</cm:category>
									<cm:category>
										<cm:name>${bootstrap.categories.cm_generalclassifiable.regions.asia.south_central_asia.turkmenistan.name}</cm:name>
									</cm:category>
									<cm:category>
										<cm:name>${bootstrap.categories.cm_generalclassifiable.regions.asia.south_central_asia.uzbekistan.name}</cm:name>
									</cm:category>
								</cm:subcategories>
							</cm:category>
							<cm:category>
								<cm:name>${bootstrap.categories.cm_generalclassifiable.regions.asia.south_eastern_asia.name}</cm:name>
								<cm:subcategories>
									<cm:category>
										<cm:name>${bootstrap.categories.cm_generalclassifiable.regions.asia.south_eastern_asia.brunei_darussalam.name}</cm:name>
									</cm:category>
									<cm:category>
										<cm:name>${bootstrap.categories.cm_generalclassifiable.regions.asia.south_eastern_asia.cambodia.name}</cm:name>
									</cm:category>
									<cm:category>
										<cm:name>${bootstrap.categories.cm_generalclassifiable.regions.asia.south_eastern_asia.indonesia.name}</cm:name>
									</cm:category>
									<cm:category>
										<cm:name>${bootstrap.categories.cm_generalclassifiable.regions.asia.south_eastern_asia.lao.name}</cm:name>
									</cm:category>
									<cm:category>
										<cm:name>${bootstrap.categories.cm_generalclassifiable.regions.asia.south_eastern_asia.malaysia.name}</cm:name>
									</cm:category>
									<cm:category>
										<cm:name>${bootstrap.categories.cm_generalclassifiable.regions.asia.south_eastern_asia.myanmar.name}</cm:name>
									</cm:category>
									<cm:category>
										<cm:name>${bootstrap.categories.cm_generalclassifiable.regions.asia.south_eastern_asia.philippines.name}</cm:name>
									</cm:category>
									<cm:category>
										<cm:name>${bootstrap.categories.cm_generalclassifiable.regions.asia.south_eastern_asia.singapore.name}</cm:name>
									</cm:category>
									<cm:category>
										<cm:name>${bootstrap.categories.cm_generalclassifiable.regions.asia.south_eastern_asia.thailand.name}</cm:name>
									</cm:category>
									<cm:category>
										<cm:name>${bootstrap.categories.cm_generalclassifiable.regions.asia.south_eastern_asia.timor_leste.name}</cm:name>
									</cm:category>
									<cm:category>
										<cm:name>${bootstrap.categories.cm_generalclassifiable.regions.asia.south_eastern_asia.viet_nam.name}</cm:name>
									</cm:category>
								</cm:subcategories>
							</cm:category>
							<cm:category>
								<cm:name>${bootstrap.categories.cm_generalclassifiable.regions.asia.western_asia.name}</cm:name>
								<cm:subcategories>
									<cm:category>
										<cm:name>${bootstrap.categories.cm_generalclassifiable.regions.asia.south_eastern_asia.armenia.name}</cm:name>
									</cm:category>
									<cm:category>
										<cm:name>${bootstrap.categories.cm_generalclassifiable.regions.asia.south_eastern_asia.azerbaijan.name}</cm:name>
									</cm:category>
									<cm:category>
										<cm:name>${bootstrap.categories.cm_generalclassifiable.regions.asia.south_eastern_asia.bahrain.name}</cm:name>
									</cm:category>
									<cm:category>
										<cm:name>${bootstrap.categories.cm_generalclassifiable.regions.asia.south_eastern_asia.cyprus.name}</cm:name>
									</cm:category>
									<cm:category>
										<cm:name>${bootstrap.categories.cm_generalclassifiable.regions.asia.south_eastern_asia.georgia.name}</cm:name>
									</cm:category>
									<cm:category>
										<cm:name>${bootstrap.categories.cm_generalclassifiable.regions.asia.south_eastern_asia.iraq.name}</cm:name>
									</cm:category>
									<cm:category>
										<cm:name>${bootstrap.categories.cm_generalclassifiable.regions.asia.south_eastern_asia.israel.name}</cm:name>
									</cm:category>
									<cm:category>
										<cm:name>${bootstrap.categories.cm_generalclassifiable.regions.asia.south_eastern_asia.jordan.name}</cm:name>
									</cm:category>
									<cm:category>
										<cm:name>${bootstrap.categories.cm_generalclassifiable.regions.asia.south_eastern_asia.kuwait.name}</cm:name>
									</cm:category>
									<cm:category>
										<cm:name>${bootstrap.categories.cm_generalclassifiable.regions.asia.south_eastern_asia.lebanon.name}</cm:name>
									</cm:category>
									<cm:category>
										<cm:name>${bootstrap.categories.cm_generalclassifiable.regions.asia.south_eastern_asia.occupied_palestinian_territory.name}</cm:name>
									</cm:category>
									<cm:category>
										<cm:name>${bootstrap.categories.cm_generalclassifiable.regions.asia.south_eastern_asia.oman.name}</cm:name>
									</cm:category>
									<cm:category>
										<cm:name>${bootstrap.categories.cm_generalclassifiable.regions.asia.south_eastern_asia.qatar.name}</cm:name>
									</cm:category>
									<cm:category>
										<cm:name>${bootstrap.categories.cm_generalclassifiable.regions.asia.south_eastern_asia.saudi_arabia.name}</cm:name>
									</cm:category>
									<cm:category>
										<cm:name>${bootstrap.categories.cm_generalclassifiable.regions.asia.south_eastern_asia.syrian_arab_republic.name}</cm:name>
									</cm:category>
									<cm:category>
										<cm:name>${bootstrap.categories.cm_generalclassifiable.regions.asia.south_eastern_asia.turkey.name}</cm:name>
									</cm:category>
									<cm:category>
										<cm:name>${bootstrap.categories.cm_generalclassifiable.regions.asia.south_eastern_asia.united_arab_emirates.name}</cm:name>
									</cm:category>
									<cm:category>
										<cm:name>${bootstrap.categories.cm_generalclassifiable.regions.asia.south_eastern_asia.yemen.name}</cm:name>
									</cm:category>
								</cm:subcategories>
							</cm:category>
						</cm:subcategories>
					</cm:category>
					<cm:category>
						<cm:name>${bootstrap.categories.cm_generalclassifiable.regions.europe.name}</cm:name>
						<cm:subcategories>
							<cm:category>
								<cm:name>${bootstrap.categories.cm_generalclassifiable.regions.europe.eastern_europe.name}</cm:name>
								<cm:subcategories>
									<cm:category>
										<cm:name>${bootstrap.categories.cm_generalclassifiable.regions.europe.eastern_europe.belarus.name}</cm:name>
									</cm:category>
									<cm:category>
										<cm:name>${bootstrap.categories.cm_generalclassifiable.regions.europe.eastern_europe.bulgaria.name}</cm:name>
									</cm:category>
									<cm:category>
										<cm:name>${bootstrap.categories.cm_generalclassifiable.regions.europe.eastern_europe.czech_republic.name}</cm:name>
									</cm:category>
									<cm:category>
										<cm:name>${bootstrap.categories.cm_generalclassifiable.regions.europe.eastern_europe.hungary.name}</cm:name>
									</cm:category>
									<cm:category>
										<cm:name>${bootstrap.categories.cm_generalclassifiable.regions.europe.eastern_europe.poland.name}</cm:name>
									</cm:category>
									<cm:category>
										<cm:name>${bootstrap.categories.cm_generalclassifiable.regions.europe.eastern_europe.republic_of_moldova.name}</cm:name>
									</cm:category>
									<cm:category>
										<cm:name>${bootstrap.categories.cm_generalclassifiable.regions.europe.eastern_europe.romania.name}</cm:name>
									</cm:category>
									<cm:category>
										<cm:name>${bootstrap.categories.cm_generalclassifiable.regions.europe.eastern_europe.russian_federation.name}</cm:name>
									</cm:category>
									<cm:category>
										<cm:name>${bootstrap.categories.cm_generalclassifiable.regions.europe.eastern_europe.slovakia.name}</cm:name>
									</cm:category>
									<cm:category>
										<cm:name>${bootstrap.categories.cm_generalclassifiable.regions.europe.eastern_europe.ukraine.name}</cm:name>
									</cm:category>
								</cm:subcategories>
							</cm:category>
							<cm:category>
								<cm:name>${bootstrap.categories.cm_generalclassifiable.regions.europe.northern_europe.name}</cm:name>
								<cm:subcategories>
									<cm:category>
										<cm:name>${bootstrap.categories.cm_generalclassifiable.regions.europe.northern_europe.channel_islands.name}</cm:name>
									</cm:category>
									<cm:category>
										<cm:name>${bootstrap.categories.cm_generalclassifiable.regions.europe.northern_europe.denmark.name}</cm:name>
									</cm:category>
									<cm:category>
										<cm:name>${bootstrap.categories.cm_generalclassifiable.regions.europe.northern_europe.estonia.name}</cm:name>
									</cm:category>
									<cm:category>
										<cm:name>${bootstrap.categories.cm_generalclassifiable.regions.europe.northern_europe.faeroe_islands.name}</cm:name>
									</cm:category>
									<cm:category>
										<cm:name>${bootstrap.categories.cm_generalclassifiable.regions.europe.northern_europe.finland.name}</cm:name>
									</cm:category>
									<cm:category>
										<cm:name>${bootstrap.categories.cm_generalclassifiable.regions.europe.northern_europe.iceland.name}</cm:name>
									</cm:category>
									<cm:category>
										<cm:name>${bootstrap.categories.cm_generalclassifiable.regions.europe.northern_europe.ireland.name}</cm:name>
									</cm:category>
									<cm:category>
										<cm:name>${bootstrap.categories.cm_generalclassifiable.regions.europe.northern_europe.isle_of_man.name}</cm:name>
									</cm:category>
									<cm:category>
										<cm:name>${bootstrap.categories.cm_generalclassifiable.regions.europe.northern_europe.latvia.name}</cm:name>
									</cm:category>
									<cm:category>
										<cm:name>${bootstrap.categories.cm_generalclassifiable.regions.europe.northern_europe.lithuania.name}</cm:name>
									</cm:category>
									<cm:category>
										<cm:name>${bootstrap.categories.cm_generalclassifiable.regions.europe.northern_europe.norway.name}</cm:name>
									</cm:category>
									<cm:category>
										<cm:name>${bootstrap.categories.cm_generalclassifiable.regions.europe.northern_europe.sweden.name}</cm:name>
									</cm:category>
									<cm:category>
										<cm:name>${bootstrap.categories.cm_generalclassifiable.regions.europe.northern_europe.united_kingdom.name}</cm:name>
									</cm:category>
								</cm:subcategories>
							</cm:category>
							<cm:category>
								<cm:name>${bootstrap.categories.cm_generalclassifiable.regions.europe.southern_europe.name}</cm:name>
								<cm:subcategories>
									<cm:category>
										<cm:name>${bootstrap.categories.cm_generalclassifiable.regions.europe.southern_europe.albania.name}</cm:name>
									</cm:category>
									<cm:category>
										<cm:name>${bootstrap.categories.cm_generalclassifiable.regions.europe.southern_europe.andorra.name}</cm:name>
									</cm:category>
									<cm:category>
										<cm:name>${bootstrap.categories.cm_generalclassifiable.regions.europe.southern_europe.bosnia_and_herzegovina.name}</cm:name>
									</cm:category>
									<cm:category>
										<cm:name>${bootstrap.categories.cm_generalclassifiable.regions.europe.southern_europe.croatia.name}</cm:name>
									</cm:category>
									<cm:category>
										<cm:name>${bootstrap.categories.cm_generalclassifiable.regions.europe.southern_europe.gibraltar.name}</cm:name>
									</cm:category>
									<cm:category>
										<cm:name>${bootstrap.categories.cm_generalclassifiable.regions.europe.southern_europe.greece.name}</cm:name>
									</cm:category>
									<cm:category>
										<cm:name>${bootstrap.categories.cm_generalclassifiable.regions.europe.southern_europe.holy_see.name}</cm:name>
									</cm:category>
									<cm:category>
										<cm:name>${bootstrap.categories.cm_generalclassifiable.regions.europe.southern_europe.italy.name}</cm:name>
									</cm:category>
									<cm:category>
										<cm:name>${bootstrap.categories.cm_generalclassifiable.regions.europe.southern_europe.malta.name}</cm:name>
									</cm:category>
									<cm:category>
										<cm:name>${bootstrap.categories.cm_generalclassifiable.regions.europe.southern_europe.portugal.name}</cm:name>
									</cm:category>
									<cm:category>
										<cm:name>${bootstrap.categories.cm_generalclassifiable.regions.europe.southern_europe.san_marino.name}</cm:name>
									</cm:category>
									<cm:category>
										<cm:name>${bootstrap.categories.cm_generalclassifiable.regions.europe.southern_europe.slovenia.name}</cm:name>
									</cm:category>
									<cm:category>
										<cm:name>${bootstrap.categories.cm_generalclassifiable.regions.europe.southern_europe.spain.name}</cm:name>
									</cm:category>
									<cm:category>
										<cm:name>${bootstrap.categories.cm_generalclassifiable.regions.europe.southern_europe.macedonia.name}</cm:name>
									</cm:category>
									<cm:category>
										<cm:name>${bootstrap.categories.cm_generalclassifiable.regions.europe.southern_europe.yugoslavia.name}</cm:name>
									</cm:category>
								</cm:subcategories>
							</cm:category>
							<cm:category>
								<cm:name>${bootstrap.categories.cm_generalclassifiable.regions.europe.western_europe.name}</cm:name>
								<cm:subcategories>
									<cm:category>
										<cm:name>${bootstrap.categories.cm_generalclassifiable.regions.europe.western_europe.austria.name}</cm:name>
									</cm:category>
									<cm:category>
										<cm:name>${bootstrap.categories.cm_generalclassifiable.regions.europe.western_europe.belgium.name}</cm:name>
									</cm:category>
									<cm:category>
										<cm:name>${bootstrap.categories.cm_generalclassifiable.regions.europe.western_europe.france.name}</cm:name>
									</cm:category>
									<cm:category>
										<cm:name>${bootstrap.categories.cm_generalclassifiable.regions.europe.western_europe.germany.name}</cm:name>
									</cm:category>
									<cm:category>
										<cm:name>${bootstrap.categories.cm_generalclassifiable.regions.europe.western_europe.liechtenstein.name}</cm:name>
									</cm:category>
									<cm:category>
										<cm:name>${bootstrap.categories.cm_generalclassifiable.regions.europe.western_europe.luxembourg.name}</cm:name>
									</cm:category>
									<cm:category>
										<cm:name>${bootstrap.categories.cm_generalclassifiable.regions.europe.western_europe.monaco.name}</cm:name>
									</cm:category>
									<cm:category>
										<cm:name>${bootstrap.categories.cm_generalclassifiable.regions.europe.western_europe.netherlands.name}</cm:name>
									</cm:category>
									<cm:category>
										<cm:name>${bootstrap.categories.cm_generalclassifiable.regions.europe.western_europe.switzerland.name}</cm:name>
									</cm:category>
								</cm:subcategories>
							</cm:category>
						</cm:subcategories>
					</cm:category>
					<cm:category>
						<cm:name>${bootstrap.categories.cm_generalclassifiable.regions.latin_america.name}</cm:name>
						<cm:subcategories>
							<cm:category>
								<cm:name>${bootstrap.categories.cm_generalclassifiable.regions.latin_america.caribbean.name}</cm:name>
								<cm:subcategories>
									<cm:category>
										<cm:name>${bootstrap.categories.cm_generalclassifiable.regions.latin_america.caribbean.anguilla.name}</cm:name>
									</cm:category>
									<cm:category>
										<cm:name>${bootstrap.categories.cm_generalclassifiable.regions.latin_america.caribbean.antigua_and_barbuda.name}</cm:name>
									</cm:category>
									<cm:category>
										<cm:name>${bootstrap.categories.cm_generalclassifiable.regions.latin_america.caribbean.aruba.name}</cm:name>
									</cm:category>
									<cm:category>
										<cm:name>${bootstrap.categories.cm_generalclassifiable.regions.latin_america.caribbean.bahamas.name}</cm:name>
									</cm:category>
									<cm:category>
										<cm:name>${bootstrap.categories.cm_generalclassifiable.regions.latin_america.caribbean.barbados.name}</cm:name>
									</cm:category>
									<cm:category>
										<cm:name>${bootstrap.categories.cm_generalclassifiable.regions.latin_america.caribbean.british_virgin_islands.name}</cm:name>
									</cm:category>
									<cm:category>
										<cm:name>${bootstrap.categories.cm_generalclassifiable.regions.latin_america.caribbean.cayman_islands.name}</cm:name>
									</cm:category>
									<cm:category>
										<cm:name>${bootstrap.categories.cm_generalclassifiable.regions.latin_america.caribbean.cuba.name}</cm:name>
									</cm:category>
									<cm:category>
										<cm:name>${bootstrap.categories.cm_generalclassifiable.regions.latin_america.caribbean.dominica.name}</cm:name>
									</cm:category>
									<cm:category>
										<cm:name>${bootstrap.categories.cm_generalclassifiable.regions.latin_america.caribbean.dominican_republic.name}</cm:name>
									</cm:category>
									<cm:category>
										<cm:name>${bootstrap.categories.cm_generalclassifiable.regions.latin_america.caribbean.grenada.name}</cm:name>
									</cm:category>
									<cm:category>
										<cm:name>${bootstrap.categories.cm_generalclassifiable.regions.latin_america.caribbean.guadeloupe.name}</cm:name>
									</cm:category>
									<cm:category>
										<cm:name>${bootstrap.categories.cm_generalclassifiable.regions.latin_america.caribbean.haiti.name}</cm:name>
									</cm:category>
									<cm:category>
										<cm:name>${bootstrap.categories.cm_generalclassifiable.regions.latin_america.caribbean.jamaica.name}</cm:name>
									</cm:category>
									<cm:category>
										<cm:name>${bootstrap.categories.cm_generalclassifiable.regions.latin_america.caribbean.martinique.name}</cm:name>
									</cm:category>
									<cm:category>
										<cm:name>${bootstrap.categories.cm_generalclassifiable.regions.latin_america.caribbean.montserrat.name}</cm:name>
									</cm:category>
									<cm:category>
										<cm:name>${bootstrap.categories.cm_generalclassifiable.regions.latin_america.caribbean.netherlands_antilles.name}</cm:name>
									</cm:category>
									<cm:category>
										<cm:name>${bootstrap.categories.cm_generalclassifiable.regions.latin_america.caribbean.puerto_rico.name}</cm:name>
									</cm:category>
									<cm:category>
										<cm:name>${bootstrap.categories.cm_generalclassifiable.regions.latin_america.caribbean.saint_kitts_and_nevis.name}</cm:name>
									</cm:category>
									<cm:category>
										<cm:name>${bootstrap.categories.cm_generalclassifiable.regions.latin_america.caribbean.saint_lucia.name}</cm:name>
									</cm:category>
									<cm:category>
										<cm:name>${bootstrap.categories.cm_generalclassifiable.regions.latin_america.caribbean.saint_vincent_and_grenadines.name}</cm:name>
									</cm:category>
									<cm:category>
										<cm:name>${bootstrap.categories.cm_generalclassifiable.regions.latin_america.caribbean.trinidad_and_tobago.name}</cm:name>
									</cm:category>
									<cm:category>
										<cm:name>${bootstrap.categories.cm_generalclassifiable.regions.latin_america.caribbean.turks_and_caicos_islands.name}</cm:name>
									</cm:category>
									<cm:category>
										<cm:name>${bootstrap.categories.cm_generalclassifiable.regions.latin_america.caribbean.united_states_virgin_islands.name}</cm:name>
									</cm:category>
								</cm:subcategories>
							</cm:category>
							<cm:category>
								<cm:name>${bootstrap.categories.cm_generalclassifiable.regions.latin_america.central_america.name}</cm:name>
								<cm:subcategories>
									<cm:category>
										<cm:name>${bootstrap.categories.cm_generalclassifiable.regions.latin_america.central_america.belize.name}</cm:name>
									</cm:category>
									<cm:category>
										<cm:name>${bootstrap.categories.cm_generalclassifiable.regions.latin_america.central_america.costa_rica.name}</cm:name>
									</cm:category>
									<cm:category>
										<cm:name>${bootstrap.categories.cm_generalclassifiable.regions.latin_america.central_america.el_salvador.name}</cm:name>
									</cm:category>
									<cm:category>
										<cm:name>${bootstrap.categories.cm_generalclassifiable.regions.latin_america.central_america.guatemala.name}</cm:name>
									</cm:category>
									<cm:category>
										<cm:name>${bootstrap.categories.cm_generalclassifiable.regions.latin_america.central_america.honduras.name}</cm:name>
									</cm:category>
									<cm:category>
										<cm:name>${bootstrap.categories.cm_generalclassifiable.regions.latin_america.central_america.mexico.name}</cm:name>
									</cm:category>
									<cm:category>
										<cm:name>${bootstrap.categories.cm_generalclassifiable.regions.latin_america.central_america.nicaragua.name}</cm:name>
									</cm:category>
									<cm:category>
										<cm:name>${bootstrap.categories.cm_generalclassifiable.regions.latin_america.central_america.panama.name}</cm:name>
									</cm:category>
								</cm:subcategories>
							</cm:category>
							<cm:category>
								<cm:name>${bootstrap.categories.cm_generalclassifiable.regions.latin_america.south_america.name}</cm:name>
								<cm:subcategories>
									<cm:category>
										<cm:name>${bootstrap.categories.cm_generalclassifiable.regions.latin_america.south_america.argentina.name}</cm:name>
									</cm:category>
									<cm:category>
										<cm:name>${bootstrap.categories.cm_generalclassifiable.regions.latin_america.south_america.bolivia.name}</cm:name>
									</cm:category>
									<cm:category>
										<cm:name>${bootstrap.categories.cm_generalclassifiable.regions.latin_america.south_america.brazil.name}</cm:name>
									</cm:category>
									<cm:category>
										<cm:name>${bootstrap.categories.cm_generalclassifiable.regions.latin_america.south_america.chile.name}</cm:name>
									</cm:category>
									<cm:category>
										<cm:name>${bootstrap.categories.cm_generalclassifiable.regions.latin_america.south_america.colombia.name}</cm:name>
									</cm:category>
									<cm:category>
										<cm:name>${bootstrap.categories.cm_generalclassifiable.regions.latin_america.south_america.ecuador.name}</cm:name>
									</cm:category>
									<cm:category>
										<cm:name>${bootstrap.categories.cm_generalclassifiable.regions.latin_america.south_america.falkland_islands.name}</cm:name>
									</cm:category>
									<cm:category>
										<cm:name>${bootstrap.categories.cm_generalclassifiable.regions.latin_america.south_america.french_guiana.name}</cm:name>
									</cm:category>
									<cm:category>
										<cm:name>${bootstrap.categories.cm_generalclassifiable.regions.latin_america.south_america.guyana.name}</cm:name>
									</cm:category>
									<cm:category>
										<cm:name>${bootstrap.categories.cm_generalclassifiable.regions.latin_america.south_america.paraguay.name}</cm:name>
									</cm:category>
									<cm:category>
										<cm:name>${bootstrap.categories.cm_generalclassifiable.regions.latin_america.south_america.peru.name}</cm:name>
									</cm:category>
									<cm:category>
										<cm:name>${bootstrap.categories.cm_generalclassifiable.regions.latin_america.south_america.suriname.name}</cm:name>
									</cm:category>
									<cm:category>
										<cm:name>${bootstrap.categories.cm_generalclassifiable.regions.latin_america.south_america.uruguay.name}</cm:name>
									</cm:category>
									<cm:category>
										<cm:name>${bootstrap.categories.cm_generalclassifiable.regions.latin_america.south_america.venezuela.name}</cm:name>
									</cm:category>
								</cm:subcategories>
							</cm:category>
						</cm:subcategories>
					</cm:category>
					<cm:category>
						<cm:name>${bootstrap.categories.cm_generalclassifiable.regions.northern_america.name}</cm:name>
						<cm:subcategories>
							<cm:category>
								<cm:name>${bootstrap.categories.cm_generalclassifiable.regions.northern_america.bermuda.name}</cm:name>
							</cm:category>
							<cm:category>
								<cm:name>${bootstrap.categories.cm_generalclassifiable.regions.northern_america.canada.name}</cm:name>
							</cm:category>
							<cm:category>
								<cm:name>${bootstrap.categories.cm_generalclassifiable.regions.northern_america.greenland.name}</cm:name>
							</cm:category>
							<cm:category>
								<cm:name>${bootstrap.categories.cm_generalclassifiable.regions.northern_america.saint_pierre_and_miquelon.name}</cm:name>
							</cm:category>
							<cm:category>
								<cm:name>${bootstrap.categories.cm_generalclassifiable.regions.northern_america.usa.name}</cm:name>
							</cm:category>
						</cm:subcategories>
					</cm:category>
					<cm:category>
						<cm:name>${bootstrap.categories.cm_generalclassifiable.regions.oceania.name}</cm:name>
						<cm:subcategories>
							<cm:category>
								<cm:name>${bootstrap.categories.cm_generalclassifiable.regions.oceania.australia_and_new_zealand.name}</cm:name>
								<cm:subcategories>
									<cm:category>
										<cm:name>${bootstrap.categories.cm_generalclassifiable.regions.oceania.australia_and_new_zealand.australia.name}</cm:name>
									</cm:category>
									<cm:category>
										<cm:name>${bootstrap.categories.cm_generalclassifiable.regions.oceania.australia_and_new_zealand.new_zealand.name}</cm:name>
									</cm:category>
									<cm:category>
										<cm:name>${bootstrap.categories.cm_generalclassifiable.regions.oceania.australia_and_new_zealand.norfolk_island.name}</cm:name>
									</cm:category>
								</cm:subcategories>
							</cm:category>
							<cm:category>
								<cm:name>${bootstrap.categories.cm_generalclassifiable.regions.oceania.melanesia.name}</cm:name>
								<cm:subcategories>
									<cm:category>
										<cm:name>${bootstrap.categories.cm_generalclassifiable.regions.oceania.melanesia.fiji.name}</cm:name>
									</cm:category>
									<cm:category>
										<cm:name>${bootstrap.categories.cm_generalclassifiable.regions.oceania.melanesia.new_caledonia.name}</cm:name>
									</cm:category>
									<cm:category>
										<cm:name>${bootstrap.categories.cm_generalclassifiable.regions.oceania.melanesia.papua_new_guinea.name}</cm:name>
									</cm:category>
									<cm:category>
										<cm:name>${bootstrap.categories.cm_generalclassifiable.regions.oceania.melanesia.solomon_islands.name}</cm:name>
									</cm:category>
									<cm:category>
										<cm:name>${bootstrap.categories.cm_generalclassifiable.regions.oceania.melanesia.vanuatu.name}</cm:name>
									</cm:category>
								</cm:subcategories>
							</cm:category>
							<cm:category>
								<cm:name>${bootstrap.categories.cm_generalclassifiable.regions.oceania.micronesia.name}</cm:name>
								<cm:subcategories>
									<cm:category>
										<cm:name>${bootstrap.categories.cm_generalclassifiable.regions.oceania.micronesia.states_of_micronesia.name}</cm:name>
									</cm:category>
									<cm:category>
										<cm:name>${bootstrap.categories.cm_generalclassifiable.regions.oceania.micronesia.guam.name}</cm:name>
									</cm:category>
									<cm:category>
										<cm:name>${bootstrap.categories.cm_generalclassifiable.regions.oceania.micronesia.johnston_island.name}</cm:name>
									</cm:category>
									<cm:category>
										<cm:name>${bootstrap.categories.cm_generalclassifiable.regions.oceania.micronesia.kiribati.name}</cm:name>
									</cm:category>
									<cm:category>
										<cm:name>${bootstrap.categories.cm_generalclassifiable.regions.oceania.micronesia.marshall_islands.name}</cm:name>
									</cm:category>
									<cm:category>
										<cm:name>${bootstrap.categories.cm_generalclassifiable.regions.oceania.micronesia.nauru.name}</cm:name>
									</cm:category>
									<cm:category>
										<cm:name>${bootstrap.categories.cm_generalclassifiable.regions.oceania.micronesia.northern_mariana_islands.name}</cm:name>
									</cm:category>
									<cm:category>
										<cm:name>${bootstrap.categories.cm_generalclassifiable.regions.oceania.micronesia.palau.name}</cm:name>
									</cm:category>
								</cm:subcategories>
							</cm:category>
							<cm:category>
								<cm:name>${bootstrap.categories.cm_generalclassifiable.regions.oceania.polynesia.name}</cm:name>
								<cm:subcategories>
									<cm:category>
										<cm:name>${bootstrap.categories.cm_generalclassifiable.regions.oceania.polynesia.american_samoa.name}</cm:name>
									</cm:category>
									<cm:category>
										<cm:name>${bootstrap.categories.cm_generalclassifiable.regions.oceania.polynesia.cook_islands.name}</cm:name>
									</cm:category>
									<cm:category>
										<cm:name>${bootstrap.categories.cm_generalclassifiable.regions.oceania.polynesia.french_polynesia.name}</cm:name>
									</cm:category>
									<cm:category>
										<cm:name>${bootstrap.categories.cm_generalclassifiable.regions.oceania.polynesia.niue.name}</cm:name>
									</cm:category>
									<cm:category>
										<cm:name>${bootstrap.categories.cm_generalclassifiable.regions.oceania.polynesia.pitcairn.name}</cm:name>
									</cm:category>
									<cm:category>
										<cm:name>${bootstrap.categories.cm_generalclassifiable.regions.oceania.polynesia.samoa.name}</cm:name>
									</cm:category>
									<cm:category>
										<cm:name>${bootstrap.categories.cm_generalclassifiable.regions.oceania.polynesia.tokelau.name}</cm:name>
									</cm:category>
									<cm:category>
										<cm:name>${bootstrap.categories.cm_generalclassifiable.regions.oceania.polynesia.tonga.name}</cm:name>
									</cm:category>
									<cm:category>
										<cm:name>${bootstrap.categories.cm_generalclassifiable.regions.oceania.polynesia.tuvalu.name}</cm:name>
									</cm:category>
									<cm:category>
										<cm:name>${bootstrap.categories.cm_generalclassifiable.regions.oceania.polynesia.wallis_and_futuna_islands.name}</cm:name>
									</cm:category>
								</cm:subcategories>
							</cm:category>
						</cm:subcategories>
					</cm:category>
				</cm:subcategories>

             </cm:category>

               <!-- Tags -->
               <cm:category>
                  <view:acl>
                     <view:ace view:access="ALLOWED">
                        <view:authority>GROUP_EVERYONE</view:authority>
                        <view:permission>Contributor</view:permission>
                     </view:ace>
                  </view:acl>
                  <cm:name>${bootstrap.categories.cm_generalclassifiable.tags.name}</cm:name>
               </cm:category>

             </cm:subcategories>

             </cm:category>

		</cm:categories>
	</cm:category_root>

</view:view>