<?xml version="1.0" encoding="UTF-8"?>
<view:view xmlns:view="http://www.alfresco.org/view/repository/1.0"
    xmlns:app="http://www.alfresco.org/model/application/1.0"
    xmlns:sys="http://www.alfresco.org/model/system/1.0"
    xmlns:cm="http://www.alfresco.org/model/content/1.0">

    <!-- US locale -->
    <cm:content view:childName="cm:emailbody_textplain_share.ftl">
        <view:aspects>
            <cm:titled></cm:titled>
            <cm:author></cm:author>
            <app:inlineeditable></app:inlineeditable>
        </view:aspects>
        <view:properties>
            <app:editInline>true</app:editInline>
            <cm:description>${spaces.imap_templates.share.emailbody_textplain.description} - ${version.default}</cm:description>
            <cm:content>contentUrl=classpath:alfresco/imap/imapSpacesTemplates/emailbody_textplain_share.ftl|mimetype=text/plain|size=|encoding=UTF-8|locale=en_US_</cm:content>
            <cm:title>emailbody_textplain_share.ftl</cm:title>
            <cm:author></cm:author>
            <cm:name>emailbody_textplain_share.ftl</cm:name>
        </view:properties>
        <view:associations></view:associations>
    </cm:content>

    <cm:content view:childName="cm:emailbody_textplain_alfresco.ftl">
        <view:aspects>
            <cm:titled></cm:titled>
            <cm:author></cm:author>
            <app:inlineeditable></app:inlineeditable>
        </view:aspects>
        <view:properties>
            <app:editInline>true</app:editInline>
            <cm:description>${spaces.imap_templates.alfresco.emailbody_textplain.description} - ${version.default}</cm:description>
            <cm:content>contentUrl=classpath:alfresco/imap/imapSpacesTemplates/emailbody_textplain_alfresco.ftl|mimetype=text/plain|size=|encoding=UTF-8|locale=en_US_</cm:content>
            <cm:title>emailbody_textplain_alfresco.ftl</cm:title>
            <cm:author></cm:author>
            <cm:name>emailbody_textplain_alfresco.ftl</cm:name>
        </view:properties>
        <view:associations></view:associations>
    </cm:content>

    <cm:content view:childName="cm:emailbody_texthtml_alfresco.ftl">
        <view:aspects>
            <cm:titled></cm:titled>
            <cm:author></cm:author>
            <app:inlineeditable></app:inlineeditable>
        </view:aspects>
        <view:properties>
            <app:editInline>true</app:editInline>
            <cm:description>${spaces.imap_templates.alfresco.emailbody_texthtml.description} - ${version.default}</cm:description>
            <cm:content>contentUrl=classpath:alfresco/imap/imapSpacesTemplates/emailbody_texthtml_alfresco.ftl|mimetype=text/plain|size=|encoding=UTF-8|locale=en_US_</cm:content>
            <cm:title>emailbody_texthtml_alfresco.ftl</cm:title>
            <cm:author></cm:author>
            <cm:name>emailbody_texthtml_alfresco.ftl</cm:name>
        </view:properties>
        <view:associations></view:associations>
    </cm:content>

    <cm:content view:childName="cm:emailbody_texthtml_share.ftl">
        <view:aspects>
            <cm:titled></cm:titled>
            <cm:author></cm:author>
            <app:inlineeditable></app:inlineeditable>
        </view:aspects>
        <view:properties>
            <app:editInline>true</app:editInline>
            <cm:description>${spaces.imap_templates.share.emailbody_texthtml.description} - ${version.default}</cm:description>
            <cm:content>contentUrl=classpath:alfresco/imap/imapSpacesTemplates/emailbody_texthtml_share.ftl|mimetype=text/plain|size=|encoding=UTF-8|locale=en_US_</cm:content>
            <cm:title>emailbody_texthtml_share.ftl</cm:title>
            <cm:author></cm:author>
            <cm:name>emailbody_texthtml_share.ftl</cm:name>
        </view:properties>
        <view:associations></view:associations>
    </cm:content>


    <!-- DE locale -->
    <cm:content view:childName="cm:emailbody_textplain_share_de.ftl">
        <view:aspects>
            <cm:titled></cm:titled>
            <cm:author></cm:author>
            <app:inlineeditable></app:inlineeditable>
        </view:aspects>
        <view:properties>
            <app:editInline>true</app:editInline>
            <cm:description>${spaces.imap_templates.share.emailbody_textplain.description} - ${version.german}</cm:description>
            <cm:content>contentUrl=classpath:alfresco/imap/imapSpacesTemplates/emailbody_textplain_share_de.ftl|mimetype=text/plain|size=|encoding=UTF-8|locale=de</cm:content>
            <cm:title>emailbody_textplain_share_de.ftl</cm:title>
            <cm:author></cm:author>
            <cm:name>emailbody_textplain_share_de.ftl</cm:name>
        </view:properties>
        <view:associations></view:associations>
    </cm:content>

    <cm:content view:childName="cm:emailbody_textplain_alfresco_de.ftl">
        <view:aspects>
            <cm:titled></cm:titled>
            <cm:author></cm:author>
            <app:inlineeditable></app:inlineeditable>
        </view:aspects>
        <view:properties>
            <app:editInline>true</app:editInline>
            <cm:description>${spaces.imap_templates.alfresco.emailbody_textplain.description} - ${version.german}</cm:description>
            <cm:content>contentUrl=classpath:alfresco/imap/imapSpacesTemplates/emailbody_textplain_alfresco_de.ftl|mimetype=text/plain|size=|encoding=UTF-8|locale=de</cm:content>
            <cm:title>emailbody_textplain_alfresco_de.ftl</cm:title>
            <cm:author></cm:author>
            <cm:name>emailbody_textplain_alfresco_de.ftl</cm:name>
        </view:properties>
        <view:associations></view:associations>
    </cm:content>

    <cm:content view:childName="cm:emailbody_texthtml_alfresco_de.ftl">
        <view:aspects>
            <cm:titled></cm:titled>
            <cm:author></cm:author>
            <app:inlineeditable></app:inlineeditable>
        </view:aspects>
        <view:properties>
            <app:editInline>true</app:editInline>
            <cm:description>${spaces.imap_templates.alfresco.emailbody_texthtml.description} - ${version.german}</cm:description>
            <cm:content>contentUrl=classpath:alfresco/imap/imapSpacesTemplates/emailbody_texthtml_alfresco_de.ftl|mimetype=text/plain|size=|encoding=UTF-8|locale=de</cm:content>
            <cm:title>emailbody_texthtml_alfresco_de.ftl</cm:title>
            <cm:author></cm:author>
            <cm:name>emailbody_texthtml_alfresco_de.ftl</cm:name>
        </view:properties>
        <view:associations></view:associations>
    </cm:content>

    <cm:content view:childName="cm:emailbody_texthtml_share_de.ftl">
        <view:aspects>
            <cm:titled></cm:titled>
            <cm:author></cm:author>
            <app:inlineeditable></app:inlineeditable>
        </view:aspects>
        <view:properties>
            <app:editInline>true</app:editInline>
            <cm:description>${spaces.imap_templates.share.emailbody_texthtml.description} - ${version.german}</cm:description>
            <cm:content>contentUrl=classpath:alfresco/imap/imapSpacesTemplates/emailbody_texthtml_share_de.ftl|mimetype=text/plain|size=|encoding=UTF-8|locale=de</cm:content>
            <cm:title>emailbody_texthtml_share_de.ftl</cm:title>
            <cm:author></cm:author>
            <cm:name>emailbody_texthtml_share_de.ftl</cm:name>
        </view:properties>
        <view:associations></view:associations>
    </cm:content>


    <!-- ES locale -->
    <cm:content view:childName="cm:emailbody_textplain_share_es.ftl">
        <view:aspects>
            <cm:titled></cm:titled>
            <cm:author></cm:author>
            <app:inlineeditable></app:inlineeditable>
        </view:aspects>
        <view:properties>
            <app:editInline>true</app:editInline>
            <cm:description>${spaces.imap_templates.share.emailbody_textplain.description} - ${version.spanish}</cm:description>
            <cm:content>contentUrl=classpath:alfresco/imap/imapSpacesTemplates/emailbody_textplain_share_es.ftl|mimetype=text/plain|size=|encoding=UTF-8|locale=es</cm:content>
            <cm:title>emailbody_textplain_share_es.ftl</cm:title>
            <cm:author></cm:author>
            <cm:name>emailbody_textplain_share_es.ftl</cm:name>
        </view:properties>
        <view:associations></view:associations>
    </cm:content>

    <cm:content view:childName="cm:emailbody_textplain_alfresco_es.ftl">
        <view:aspects>
            <cm:titled></cm:titled>
            <cm:author></cm:author>
            <app:inlineeditable></app:inlineeditable>
        </view:aspects>
        <view:properties>
            <app:editInline>true</app:editInline>
            <cm:description>${spaces.imap_templates.alfresco.emailbody_textplain.description} - ${version.spanish}</cm:description>
            <cm:content>contentUrl=classpath:alfresco/imap/imapSpacesTemplates/emailbody_textplain_alfresco_es.ftl|mimetype=text/plain|size=|encoding=UTF-8|locale=es</cm:content>
            <cm:title>emailbody_textplain_alfresco_es.ftl</cm:title>
            <cm:author></cm:author>
            <cm:name>emailbody_textplain_alfresco_es.ftl</cm:name>
        </view:properties>
        <view:associations></view:associations>
    </cm:content>

    <cm:content view:childName="cm:emailbody_texthtml_alfresco_es.ftl">
        <view:aspects>
            <cm:titled></cm:titled>
            <cm:author></cm:author>
            <app:inlineeditable></app:inlineeditable>
        </view:aspects>
        <view:properties>
            <app:editInline>true</app:editInline>
            <cm:description>${spaces.imap_templates.alfresco.emailbody_texthtml.description} - ${version.spanish}</cm:description>
            <cm:content>contentUrl=classpath:alfresco/imap/imapSpacesTemplates/emailbody_texthtml_alfresco_es.ftl|mimetype=text/plain|size=|encoding=UTF-8|locale=es</cm:content>
            <cm:title>emailbody_texthtml_alfresco_es.ftl</cm:title>
            <cm:author></cm:author>
            <cm:name>emailbody_texthtml_alfresco_es.ftl</cm:name>
        </view:properties>
        <view:associations></view:associations>
    </cm:content>

    <cm:content view:childName="cm:emailbody_texthtml_share_es.ftl">
        <view:aspects>
            <cm:titled></cm:titled>
            <cm:author></cm:author>
            <app:inlineeditable></app:inlineeditable>
        </view:aspects>
        <view:properties>
            <app:editInline>true</app:editInline>
            <cm:description>${spaces.imap_templates.share.emailbody_texthtml.description} - ${version.spanish}</cm:description>
            <cm:content>contentUrl=classpath:alfresco/imap/imapSpacesTemplates/emailbody_texthtml_share_es.ftl|mimetype=text/plain|size=|encoding=UTF-8|locale=es</cm:content>
            <cm:title>emailbody_texthtml_share_es.ftl</cm:title>
            <cm:author></cm:author>
            <cm:name>emailbody_texthtml_share_es.ftl</cm:name>
        </view:properties>
        <view:associations></view:associations>
    </cm:content>


    <!-- FR locale -->
    <cm:content view:childName="cm:emailbody_textplain_share_fr.ftl">
        <view:aspects>
            <cm:titled></cm:titled>
            <cm:author></cm:author>
            <app:inlineeditable></app:inlineeditable>
        </view:aspects>
        <view:properties>
            <app:editInline>true</app:editInline>
            <cm:description>${spaces.imap_templates.share.emailbody_textplain.description} - ${version.french}</cm:description>
            <cm:content>contentUrl=classpath:alfresco/imap/imapSpacesTemplates/emailbody_textplain_share_fr.ftl|mimetype=text/plain|size=|encoding=UTF-8|locale=fr</cm:content>
            <cm:title>emailbody_textplain_share_fr.ftl</cm:title>
            <cm:author></cm:author>
            <cm:name>emailbody_textplain_share_fr.ftl</cm:name>
        </view:properties>
        <view:associations></view:associations>
    </cm:content>

    <cm:content view:childName="cm:emailbody_textplain_alfresco_fr.ftl">
        <view:aspects>
            <cm:titled></cm:titled>
            <cm:author></cm:author>
            <app:inlineeditable></app:inlineeditable>
        </view:aspects>
        <view:properties>
            <app:editInline>true</app:editInline>
            <cm:description>${spaces.imap_templates.alfresco.emailbody_textplain.description} - ${version.french}</cm:description>
            <cm:content>contentUrl=classpath:alfresco/imap/imapSpacesTemplates/emailbody_textplain_alfresco_fr.ftl|mimetype=text/plain|size=|encoding=UTF-8|locale=fr</cm:content>
            <cm:title>emailbody_textplain_alfresco_fr.ftl</cm:title>
            <cm:author></cm:author>
            <cm:name>emailbody_textplain_alfresco_fr.ftl</cm:name>
        </view:properties>
        <view:associations></view:associations>
    </cm:content>

    <cm:content view:childName="cm:emailbody_texthtml_alfresco_fr.ftl">
        <view:aspects>
            <cm:titled></cm:titled>
            <cm:author></cm:author>
            <app:inlineeditable></app:inlineeditable>
        </view:aspects>
        <view:properties>
            <app:editInline>true</app:editInline>
            <cm:description>${spaces.imap_templates.alfresco.emailbody_texthtml.description} - ${version.french}</cm:description>
            <cm:content>contentUrl=classpath:alfresco/imap/imapSpacesTemplates/emailbody_texthtml_alfresco_fr.ftl|mimetype=text/plain|size=|encoding=UTF-8|locale=fr</cm:content>
            <cm:title>emailbody_texthtml_alfresco_fr.ftl</cm:title>
            <cm:author></cm:author>
            <cm:name>emailbody_texthtml_alfresco_fr.ftl</cm:name>
        </view:properties>
        <view:associations></view:associations>
    </cm:content>

    <cm:content view:childName="cm:emailbody_texthtml_share_fr.ftl">
        <view:aspects>
            <cm:titled></cm:titled>
            <cm:author></cm:author>
            <app:inlineeditable></app:inlineeditable>
        </view:aspects>
        <view:properties>
            <app:editInline>true</app:editInline>
            <cm:description>${spaces.imap_templates.share.emailbody_texthtml.description} - ${version.french}</cm:description>
            <cm:content>contentUrl=classpath:alfresco/imap/imapSpacesTemplates/emailbody_texthtml_share_fr.ftl|mimetype=text/plain|size=|encoding=UTF-8|locale=fr</cm:content>
            <cm:title>emailbody_texthtml_share_fr.ftl</cm:title>
            <cm:author></cm:author>
            <cm:name>emailbody_texthtml_share_fr.ftl</cm:name>
        </view:properties>
        <view:associations></view:associations>
    </cm:content>


    <!-- IT locale -->
    <cm:content view:childName="cm:emailbody_textplain_share_it.ftl">
        <view:aspects>
            <cm:titled></cm:titled>
            <cm:author></cm:author>
            <app:inlineeditable></app:inlineeditable>
        </view:aspects>
        <view:properties>
            <app:editInline>true</app:editInline>
            <cm:description>${spaces.imap_templates.share.emailbody_textplain.description} - ${version.italian}</cm:description>
            <cm:content>contentUrl=classpath:alfresco/imap/imapSpacesTemplates/emailbody_textplain_share_it.ftl|mimetype=text/plain|size=|encoding=UTF-8|locale=it</cm:content>
            <cm:title>emailbody_textplain_share_it.ftl</cm:title>
            <cm:author></cm:author>
            <cm:name>emailbody_textplain_share_it.ftl</cm:name>
        </view:properties>
        <view:associations></view:associations>
    </cm:content>

    <cm:content view:childName="cm:emailbody_textplain_alfresco_it.ftl">
        <view:aspects>
            <cm:titled></cm:titled>
            <cm:author></cm:author>
            <app:inlineeditable></app:inlineeditable>
        </view:aspects>
        <view:properties>
            <app:editInline>true</app:editInline>
            <cm:description>${spaces.imap_templates.alfresco.emailbody_textplain.description} - ${version.italian}</cm:description>
            <cm:content>contentUrl=classpath:alfresco/imap/imapSpacesTemplates/emailbody_textplain_alfresco_it.ftl|mimetype=text/plain|size=|encoding=UTF-8|locale=it</cm:content>
            <cm:title>emailbody_textplain_alfresco_it.ftl</cm:title>
            <cm:author></cm:author>
            <cm:name>emailbody_textplain_alfresco_it.ftl</cm:name>
        </view:properties>
        <view:associations></view:associations>
    </cm:content>

    <cm:content view:childName="cm:emailbody_texthtml_alfresco_it.ftl">
        <view:aspects>
            <cm:titled></cm:titled>
            <cm:author></cm:author>
            <app:inlineeditable></app:inlineeditable>
        </view:aspects>
        <view:properties>
            <app:editInline>true</app:editInline>
            <cm:description>${spaces.imap_templates.alfresco.emailbody_texthtml.description} - ${version.italian}</cm:description>
            <cm:content>contentUrl=classpath:alfresco/imap/imapSpacesTemplates/emailbody_texthtml_alfresco_it.ftl|mimetype=text/plain|size=|encoding=UTF-8|locale=it</cm:content>
            <cm:title>emailbody_texthtml_alfresco_it.ftl</cm:title>
            <cm:author></cm:author>
            <cm:name>emailbody_texthtml_alfresco_it.ftl</cm:name>
        </view:properties>
        <view:associations></view:associations>
    </cm:content>

    <cm:content view:childName="cm:emailbody_texthtml_share_it.ftl">
        <view:aspects>
            <cm:titled></cm:titled>
            <cm:author></cm:author>
            <app:inlineeditable></app:inlineeditable>
        </view:aspects>
        <view:properties>
            <app:editInline>true</app:editInline>
            <cm:description>${spaces.imap_templates.share.emailbody_texthtml.description} - ${version.italian}</cm:description>
            <cm:content>contentUrl=classpath:alfresco/imap/imapSpacesTemplates/emailbody_texthtml_share_it.ftl|mimetype=text/plain|size=|encoding=UTF-8|locale=it</cm:content>
            <cm:title>emailbody_texthtml_share_it.ftl</cm:title>
            <cm:author></cm:author>
            <cm:name>emailbody_texthtml_share_it.ftl</cm:name>
        </view:properties>
        <view:associations></view:associations>
    </cm:content>


    <!-- JA locale -->
    <cm:content view:childName="cm:emailbody_textplain_share_ja.ftl">
        <view:aspects>
            <cm:titled></cm:titled>
            <cm:author></cm:author>
            <app:inlineeditable></app:inlineeditable>
        </view:aspects>
        <view:properties>
            <app:editInline>true</app:editInline>
            <cm:description>${spaces.imap_templates.share.emailbody_textplain.description} - ${version.japanese}</cm:description>
            <cm:content>contentUrl=classpath:alfresco/imap/imapSpacesTemplates/emailbody_textplain_share_ja.ftl|mimetype=text/plain|size=|encoding=UTF-8|locale=ja</cm:content>
            <cm:title>emailbody_textplain_share_ja.ftl</cm:title>
            <cm:author></cm:author>
            <cm:name>emailbody_textplain_share_ja.ftl</cm:name>
        </view:properties>
        <view:associations></view:associations>
    </cm:content>

    <cm:content view:childName="cm:emailbody_textplain_alfresco_ja.ftl">
        <view:aspects>
            <cm:titled></cm:titled>
            <cm:author></cm:author>
            <app:inlineeditable></app:inlineeditable>
        </view:aspects>
        <view:properties>
            <app:editInline>true</app:editInline>
            <cm:description>${spaces.imap_templates.alfresco.emailbody_textplain.description} - ${version.japanese}</cm:description>
            <cm:content>contentUrl=classpath:alfresco/imap/imapSpacesTemplates/emailbody_textplain_alfresco_ja.ftl|mimetype=text/plain|size=|encoding=UTF-8|locale=ja</cm:content>
            <cm:title>emailbody_textplain_alfresco_ja.ftl</cm:title>
            <cm:author></cm:author>
            <cm:name>emailbody_textplain_alfresco_ja.ftl</cm:name>
        </view:properties>
        <view:associations></view:associations>
    </cm:content>

    <cm:content view:childName="cm:emailbody_texthtml_alfresco_ja.ftl">
        <view:aspects>
            <cm:titled></cm:titled>
            <cm:author></cm:author>
            <app:inlineeditable></app:inlineeditable>
        </view:aspects>
        <view:properties>
            <app:editInline>true</app:editInline>
            <cm:description>${spaces.imap_templates.alfresco.emailbody_texthtml.description} - ${version.japanese}</cm:description>
            <cm:content>contentUrl=classpath:alfresco/imap/imapSpacesTemplates/emailbody_texthtml_alfresco_ja.ftl|mimetype=text/plain|size=|encoding=UTF-8|locale=ja</cm:content>
            <cm:title>emailbody_texthtml_alfresco_ja.ftl</cm:title>
            <cm:author></cm:author>
            <cm:name>emailbody_texthtml_alfresco_ja.ftl</cm:name>
        </view:properties>
        <view:associations></view:associations>
    </cm:content>

    <cm:content view:childName="cm:emailbody_texthtml_share_ja.ftl">
        <view:aspects>
            <cm:titled></cm:titled>
            <cm:author></cm:author>
            <app:inlineeditable></app:inlineeditable>
        </view:aspects>
        <view:properties>
            <app:editInline>true</app:editInline>
            <cm:description>${spaces.imap_templates.share.emailbody_texthtml.description} - ${version.japanese}</cm:description>
            <cm:content>contentUrl=classpath:alfresco/imap/imapSpacesTemplates/emailbody_texthtml_share_ja.ftl|mimetype=text/plain|size=|encoding=UTF-8|locale=ja</cm:content>
            <cm:title>emailbody_texthtml_share_ja.ftl</cm:title>
            <cm:author></cm:author>
            <cm:name>emailbody_texthtml_share_ja.ftl</cm:name>
        </view:properties>
        <view:associations></view:associations>
    </cm:content>


    <!-- NB locale -->
    <cm:content view:childName="cm:emailbody_textplain_share_nb.ftl">
        <view:aspects>
            <cm:titled></cm:titled>
            <cm:author></cm:author>
            <app:inlineeditable></app:inlineeditable>
        </view:aspects>
        <view:properties>
            <app:editInline>true</app:editInline>
            <cm:description>${spaces.imap_templates.share.emailbody_textplain.description} - ${version.norwegian_bokmal}</cm:description>
            <cm:content>contentUrl=classpath:alfresco/imap/imapSpacesTemplates/emailbody_textplain_share_nb.ftl|mimetype=text/plain|size=|encoding=UTF-8|locale=nb</cm:content>
            <cm:title>emailbody_textplain_share_nb.ftl</cm:title>
            <cm:author></cm:author>
            <cm:name>emailbody_textplain_share_nb.ftl</cm:name>
        </view:properties>
        <view:associations></view:associations>
    </cm:content>

    <cm:content view:childName="cm:emailbody_textplain_alfresco_nb.ftl">
        <view:aspects>
            <cm:titled></cm:titled>
            <cm:author></cm:author>
            <app:inlineeditable></app:inlineeditable>
        </view:aspects>
        <view:properties>
            <app:editInline>true</app:editInline>
            <cm:description>${spaces.imap_templates.alfresco.emailbody_textplain.description} - ${version.norwegian_bokmal}</cm:description>
            <cm:content>contentUrl=classpath:alfresco/imap/imapSpacesTemplates/emailbody_textplain_alfresco_nb.ftl|mimetype=text/plain|size=|encoding=UTF-8|locale=nb</cm:content>
            <cm:title>emailbody_textplain_alfresco_nb.ftl</cm:title>
            <cm:author></cm:author>
            <cm:name>emailbody_textplain_alfresco_nb.ftl</cm:name>
        </view:properties>
        <view:associations></view:associations>
    </cm:content>

    <cm:content view:childName="cm:emailbody_texthtml_alfresco_nb.ftl">
        <view:aspects>
            <cm:titled></cm:titled>
            <cm:author></cm:author>
            <app:inlineeditable></app:inlineeditable>
        </view:aspects>
        <view:properties>
            <app:editInline>true</app:editInline>
            <cm:description>${spaces.imap_templates.alfresco.emailbody_texthtml.description} - ${version.norwegian_bokmal}</cm:description>
            <cm:content>contentUrl=classpath:alfresco/imap/imapSpacesTemplates/emailbody_texthtml_alfresco_nb.ftl|mimetype=text/plain|size=|encoding=UTF-8|locale=nb</cm:content>
            <cm:title>emailbody_texthtml_alfresco_nb.ftl</cm:title>
            <cm:author></cm:author>
            <cm:name>emailbody_texthtml_alfresco_nb.ftl</cm:name>
        </view:properties>
        <view:associations></view:associations>
    </cm:content>

    <cm:content view:childName="cm:emailbody_texthtml_share_nb.ftl">
        <view:aspects>
            <cm:titled></cm:titled>
            <cm:author></cm:author>
            <app:inlineeditable></app:inlineeditable>
        </view:aspects>
        <view:properties>
            <app:editInline>true</app:editInline>
            <cm:description>${spaces.imap_templates.share.emailbody_texthtml.description} - ${version.norwegian_bokmal}</cm:description>
            <cm:content>contentUrl=classpath:alfresco/imap/imapSpacesTemplates/emailbody_texthtml_share_nb.ftl|mimetype=text/plain|size=|encoding=UTF-8|locale=nb</cm:content>
            <cm:title>emailbody_texthtml_share_nb.ftl</cm:title>
            <cm:author></cm:author>
            <cm:name>emailbody_texthtml_share_nb.ftl</cm:name>
        </view:properties>
        <view:associations></view:associations>
    </cm:content>


    <!-- NL locale -->
    <cm:content view:childName="cm:emailbody_textplain_share_nl.ftl">
        <view:aspects>
            <cm:titled></cm:titled>
            <cm:author></cm:author>
            <app:inlineeditable></app:inlineeditable>
        </view:aspects>
        <view:properties>
            <app:editInline>true</app:editInline>
            <cm:description>${spaces.imap_templates.share.emailbody_textplain.description} - ${version.dutch}</cm:description>
            <cm:content>contentUrl=classpath:alfresco/imap/imapSpacesTemplates/emailbody_textplain_share_nl.ftl|mimetype=text/plain|size=|encoding=UTF-8|locale=nl</cm:content>
            <cm:title>emailbody_textplain_share_nl.ftl</cm:title>
            <cm:author></cm:author>
            <cm:name>emailbody_textplain_share_nl.ftl</cm:name>
        </view:properties>
        <view:associations></view:associations>
    </cm:content>

    <cm:content view:childName="cm:emailbody_textplain_alfresco_nl.ftl">
        <view:aspects>
            <cm:titled></cm:titled>
            <cm:author></cm:author>
            <app:inlineeditable></app:inlineeditable>
        </view:aspects>
        <view:properties>
            <app:editInline>true</app:editInline>
            <cm:description>${spaces.imap_templates.alfresco.emailbody_textplain.description} - ${version.dutch}</cm:description>
            <cm:content>contentUrl=classpath:alfresco/imap/imapSpacesTemplates/emailbody_textplain_alfresco_nl.ftl|mimetype=text/plain|size=|encoding=UTF-8|locale=nl</cm:content>
            <cm:title>emailbody_textplain_alfresco_nl.ftl</cm:title>
            <cm:author></cm:author>
            <cm:name>emailbody_textplain_alfresco_nl.ftl</cm:name>
        </view:properties>
        <view:associations></view:associations>
    </cm:content>

    <cm:content view:childName="cm:emailbody_texthtml_alfresco_nl.ftl">
        <view:aspects>
            <cm:titled></cm:titled>
            <cm:author></cm:author>
            <app:inlineeditable></app:inlineeditable>
        </view:aspects>
        <view:properties>
            <app:editInline>true</app:editInline>
            <cm:description>${spaces.imap_templates.alfresco.emailbody_texthtml.description} - ${version.dutch}</cm:description>
            <cm:content>contentUrl=classpath:alfresco/imap/imapSpacesTemplates/emailbody_texthtml_alfresco_nl.ftl|mimetype=text/plain|size=|encoding=UTF-8|locale=nl</cm:content>
            <cm:title>emailbody_texthtml_alfresco_nl.ftl</cm:title>
            <cm:author></cm:author>
            <cm:name>emailbody_texthtml_alfresco_nl.ftl</cm:name>
        </view:properties>
        <view:associations></view:associations>
    </cm:content>

    <cm:content view:childName="cm:emailbody_texthtml_share_nl.ftl">
        <view:aspects>
            <cm:titled></cm:titled>
            <cm:author></cm:author>
            <app:inlineeditable></app:inlineeditable>
        </view:aspects>
        <view:properties>
            <app:editInline>true</app:editInline>
            <cm:description>${spaces.imap_templates.share.emailbody_texthtml.description} - ${version.dutch}</cm:description>
            <cm:content>contentUrl=classpath:alfresco/imap/imapSpacesTemplates/emailbody_texthtml_share_nl.ftl|mimetype=text/plain|size=|encoding=UTF-8|locale=nl</cm:content>
            <cm:title>emailbody_texthtml_share_nl.ftl</cm:title>
            <cm:author></cm:author>
            <cm:name>emailbody_texthtml_share_nl.ftl</cm:name>
        </view:properties>
        <view:associations></view:associations>
    </cm:content>


    <!-- pt_BR locale -->
    <cm:content view:childName="cm:emailbody_textplain_share_pt_BR.ftl">
        <view:aspects>
            <cm:titled></cm:titled>
            <cm:author></cm:author>
            <app:inlineeditable></app:inlineeditable>
        </view:aspects>
        <view:properties>
            <app:editInline>true</app:editInline>
            <cm:description>${spaces.imap_templates.share.emailbody_textplain.description} - ${version.brazilian_portuguese}</cm:description>
            <cm:content>contentUrl=classpath:alfresco/imap/imapSpacesTemplates/emailbody_textplain_share_pt_BR.ftl|mimetype=text/plain|size=|encoding=UTF-8|locale=pt_BR</cm:content>
            <cm:title>emailbody_textplain_share_pt_BR.ftl</cm:title>
            <cm:author></cm:author>
            <cm:name>emailbody_textplain_share_pt_BR.ftl</cm:name>
        </view:properties>
        <view:associations></view:associations>
    </cm:content>

    <cm:content view:childName="cm:emailbody_textplain_alfresco_pt_BR.ftl">
        <view:aspects>
            <cm:titled></cm:titled>
            <cm:author></cm:author>
            <app:inlineeditable></app:inlineeditable>
        </view:aspects>
        <view:properties>
            <app:editInline>true</app:editInline>
            <cm:description>${spaces.imap_templates.alfresco.emailbody_textplain.description} - ${version.brazilian_portuguese}</cm:description>
            <cm:content>contentUrl=classpath:alfresco/imap/imapSpacesTemplates/emailbody_textplain_alfresco_pt_BR.ftl|mimetype=text/plain|size=|encoding=UTF-8|locale=pt_BR</cm:content>
            <cm:title>emailbody_textplain_alfresco_pt_BR.ftl</cm:title>
            <cm:author></cm:author>
            <cm:name>emailbody_textplain_alfresco_pt_BR.ftl</cm:name>
        </view:properties>
        <view:associations></view:associations>
    </cm:content>

    <cm:content view:childName="cm:emailbody_texthtml_alfresco_pt_BR.ftl">
        <view:aspects>
            <cm:titled></cm:titled>
            <cm:author></cm:author>
            <app:inlineeditable></app:inlineeditable>
        </view:aspects>
        <view:properties>
            <app:editInline>true</app:editInline>
            <cm:description>${spaces.imap_templates.alfresco.emailbody_texthtml.description} - ${version.brazilian_portuguese}</cm:description>
            <cm:content>contentUrl=classpath:alfresco/imap/imapSpacesTemplates/emailbody_texthtml_alfresco_pt_BR.ftl|mimetype=text/plain|size=|encoding=UTF-8|locale=pt_BR</cm:content>
            <cm:title>emailbody_texthtml_alfresco_pt_BR.ftl</cm:title>
            <cm:author></cm:author>
            <cm:name>emailbody_texthtml_alfresco_pt_BR.ftl</cm:name>
        </view:properties>
        <view:associations></view:associations>
    </cm:content>

    <cm:content view:childName="cm:emailbody_texthtml_share_pt_BR.ftl">
        <view:aspects>
            <cm:titled></cm:titled>
            <cm:author></cm:author>
            <app:inlineeditable></app:inlineeditable>
        </view:aspects>
        <view:properties>
            <app:editInline>true</app:editInline>
            <cm:description>${spaces.imap_templates.share.emailbody_texthtml.description} - ${version.brazilian_portuguese}</cm:description>
            <cm:content>contentUrl=classpath:alfresco/imap/imapSpacesTemplates/emailbody_texthtml_share_pt_BR.ftl|mimetype=text/plain|size=|encoding=UTF-8|locale=pt_BR</cm:content>
            <cm:title>emailbody_texthtml_share_pt_BR.ftl</cm:title>
            <cm:author></cm:author>
            <cm:name>emailbody_texthtml_share_pt_BR.ftl</cm:name>
        </view:properties>
        <view:associations></view:associations>
    </cm:content>


    <!-- RU locale -->
    <cm:content view:childName="cm:emailbody_textplain_share_ru.ftl">
        <view:aspects>
            <cm:titled></cm:titled>
            <cm:author></cm:author>
            <app:inlineeditable></app:inlineeditable>
        </view:aspects>
        <view:properties>
            <app:editInline>true</app:editInline>
            <cm:description>${spaces.imap_templates.share.emailbody_textplain.description} - ${version.russian}</cm:description>
            <cm:content>contentUrl=classpath:alfresco/imap/imapSpacesTemplates/emailbody_textplain_share_ru.ftl|mimetype=text/plain|size=|encoding=UTF-8|locale=ru</cm:content>
            <cm:title>emailbody_textplain_share_ru.ftl</cm:title>
            <cm:author></cm:author>
            <cm:name>emailbody_textplain_share_ru.ftl</cm:name>
        </view:properties>
        <view:associations></view:associations>
    </cm:content>

    <cm:content view:childName="cm:emailbody_textplain_alfresco_ru.ftl">
        <view:aspects>
            <cm:titled></cm:titled>
            <cm:author></cm:author>
            <app:inlineeditable></app:inlineeditable>
        </view:aspects>
        <view:properties>
            <app:editInline>true</app:editInline>
            <cm:description>${spaces.imap_templates.alfresco.emailbody_textplain.description} - ${version.russian}</cm:description>
            <cm:content>contentUrl=classpath:alfresco/imap/imapSpacesTemplates/emailbody_textplain_alfresco_ru.ftl|mimetype=text/plain|size=|encoding=UTF-8|locale=ru</cm:content>
            <cm:title>emailbody_textplain_alfresco_ru.ftl</cm:title>
            <cm:author></cm:author>
            <cm:name>emailbody_textplain_alfresco_ru.ftl</cm:name>
        </view:properties>
        <view:associations></view:associations>
    </cm:content>

    <cm:content view:childName="cm:emailbody_texthtml_alfresco_ru.ftl">
        <view:aspects>
            <cm:titled></cm:titled>
            <cm:author></cm:author>
            <app:inlineeditable></app:inlineeditable>
        </view:aspects>
        <view:properties>
            <app:editInline>true</app:editInline>
            <cm:description>${spaces.imap_templates.alfresco.emailbody_texthtml.description} - ${version.russian}</cm:description>
            <cm:content>contentUrl=classpath:alfresco/imap/imapSpacesTemplates/emailbody_texthtml_alfresco_ru.ftl|mimetype=text/plain|size=|encoding=UTF-8|locale=ru</cm:content>
            <cm:title>emailbody_texthtml_alfresco_ru.ftl</cm:title>
            <cm:author></cm:author>
            <cm:name>emailbody_texthtml_alfresco_ru.ftl</cm:name>
        </view:properties>
        <view:associations></view:associations>
    </cm:content>

    <cm:content view:childName="cm:emailbody_texthtml_share_ru.ftl">
        <view:aspects>
            <cm:titled></cm:titled>
            <cm:author></cm:author>
            <app:inlineeditable></app:inlineeditable>
        </view:aspects>
        <view:properties>
            <app:editInline>true</app:editInline>
            <cm:description>${spaces.imap_templates.share.emailbody_texthtml.description} - ${version.russian}</cm:description>
            <cm:content>contentUrl=classpath:alfresco/imap/imapSpacesTemplates/emailbody_texthtml_share_ru.ftl|mimetype=text/plain|size=|encoding=UTF-8|locale=ru</cm:content>
            <cm:title>emailbody_texthtml_share_ru.ftl</cm:title>
            <cm:author></cm:author>
            <cm:name>emailbody_texthtml_share_ru.ftl</cm:name>
        </view:properties>
        <view:associations></view:associations>
    </cm:content>


    <!-- zh_CN locale -->
    <cm:content view:childName="cm:emailbody_textplain_share_zh_CN.ftl">
        <view:aspects>
            <cm:titled></cm:titled>
            <cm:author></cm:author>
            <app:inlineeditable></app:inlineeditable>
        </view:aspects>
        <view:properties>
            <app:editInline>true</app:editInline>
            <cm:description>${spaces.imap_templates.share.emailbody_textplain.description} - ${version.chinese}</cm:description>
            <cm:content>contentUrl=classpath:alfresco/imap/imapSpacesTemplates/emailbody_textplain_share_zh_CN.ftl|mimetype=text/plain|size=|encoding=UTF-8|locale=zh_CN</cm:content>
            <cm:title>emailbody_textplain_share_zh_CN.ftl</cm:title>
            <cm:author></cm:author>
            <cm:name>emailbody_textplain_share_zh_CN.ftl</cm:name>
        </view:properties>
        <view:associations></view:associations>
    </cm:content>

    <cm:content view:childName="cm:emailbody_textplain_alfresco_zh_CN.ftl">
        <view:aspects>
            <cm:titled></cm:titled>
            <cm:author></cm:author>
            <app:inlineeditable></app:inlineeditable>
        </view:aspects>
        <view:properties>
            <app:editInline>true</app:editInline>
            <cm:description>${spaces.imap_templates.alfresco.emailbody_textplain.description} - ${version.chinese}</cm:description>
            <cm:content>contentUrl=classpath:alfresco/imap/imapSpacesTemplates/emailbody_textplain_alfresco_zh_CN.ftl|mimetype=text/plain|size=|encoding=UTF-8|locale=zh_CN</cm:content>
            <cm:title>emailbody_textplain_alfresco_zh_CN.ftl</cm:title>
            <cm:author></cm:author>
            <cm:name>emailbody_textplain_alfresco_zh_CN.ftl</cm:name>
        </view:properties>
        <view:associations></view:associations>
    </cm:content>

    <cm:content view:childName="cm:emailbody_texthtml_alfresco_zh_CN.ftl">
        <view:aspects>
            <cm:titled></cm:titled>
            <cm:author></cm:author>
            <app:inlineeditable></app:inlineeditable>
        </view:aspects>
        <view:properties>
            <app:editInline>true</app:editInline>
            <cm:description>${spaces.imap_templates.alfresco.emailbody_texthtml.description} - ${version.chinese}</cm:description>
            <cm:content>contentUrl=classpath:alfresco/imap/imapSpacesTemplates/emailbody_texthtml_alfresco_zh_CN.ftl|mimetype=text/plain|size=|encoding=UTF-8|locale=zh_CN</cm:content>
            <cm:title>emailbody_texthtml_alfresco_zh_CN.ftl</cm:title>
            <cm:author></cm:author>
            <cm:name>emailbody_texthtml_alfresco_zh_CN.ftl</cm:name>
        </view:properties>
        <view:associations></view:associations>
    </cm:content>

    <cm:content view:childName="cm:emailbody_texthtml_share_zh_CN.ftl">
        <view:aspects>
            <cm:titled></cm:titled>
            <cm:author></cm:author>
            <app:inlineeditable></app:inlineeditable>
        </view:aspects>
        <view:properties>
            <app:editInline>true</app:editInline>
            <cm:description>${spaces.imap_templates.share.emailbody_texthtml.description} - ${version.chinese}</cm:description>
            <cm:content>contentUrl=classpath:alfresco/imap/imapSpacesTemplates/emailbody_texthtml_share_zh_CN.ftl|mimetype=text/plain|size=|encoding=UTF-8|locale=zh_CN</cm:content>
            <cm:title>emailbody_texthtml_share_zh_CN.ftl</cm:title>
            <cm:author></cm:author>
            <cm:name>emailbody_texthtml_share_zh_CN.ftl</cm:name>
        </view:properties>
        <view:associations></view:associations>
    </cm:content>

 </view:view>