<?xml version="1.0" encoding="UTF-8"?>
<view:view xmlns:view="http://www.alfresco.org/view/repository/1.0">
   <cm:folder xmlns:sys="http://www.alfresco.org/model/system/1.0" 
              xmlns:view="http://www.alfresco.org/view/repository/1.0" 
              xmlns:app="http://www.alfresco.org/model/application/1.0" 
              xmlns:cm="http://www.alfresco.org/model/content/1.0" xmlns="" 
              view:childName="${spaces.shared.childname}">
              
      <view:acl view:inherit="false">
         <view:ace view:access="ALLOWED">
            <view:authority>GROUP_EVERYONE</view:authority>
            <view:permission>Contributor</view:permission>
         </view:ace>
      </view:acl>

      <view:aspects>
         <app:uifacets/>
      </view:aspects>
      <view:properties>
         <cm:name>${spaces.shared.name}</cm:name>
         <app:icon>space-icon-default</app:icon>
         <cm:title>${spaces.shared.title}</cm:title>
         <cm:description>${spaces.shared.description}</cm:description>
      </view:properties>
   </cm:folder>
</view:view>
