<view:view xmlns:view="http://www.alfresco.org/view/repository/1.0" 
           xmlns:sys="http://www.alfresco.org/model/system/1.0" 
           xmlns:cm="http://www.alfresco.org/model/content/1.0">
	<cm:category view:childName="cm:taggable">
		<view:acl view:inherit="false">
			<view:ace view:access="ALLOWED">
				<view:authority>GROUP_EVERYONE</view:authority>
				<view:permission>Collaborator</view:permission>
			</view:ace>
		</view:acl>
		<cm:name>Tags</cm:name>
		<sys:node-uuid>tag:tag-root</sys:node-uuid>
	</cm:category>
</view:view>
