<?xml version='1.0' encoding='UTF-8'?>

<beans xmlns="http://www.springframework.org/schema/beans" xmlns:xsi="http://www.w3.org/2001/XMLSchema-instance"
       xsi:schemaLocation="
            http://www.springframework.org/schema/beans http://www.springframework.org/schema/beans/spring-beans-3.0.xsd">

    <!-- HeartBeat repository info data collector -->
    <bean id="infoDataCollector" class="org.alfresco.heartbeat.InfoDataCollector" parent="hbBaseDataCollector" >
        <constructor-arg name="collectorId"         value="acs.repository.info"/> <!-- Collector ID -->
        <constructor-arg name="collectorVersion"    value="1.1"/> <!-- Collector version -->
        <constructor-arg name="cronExpression"      value="0 0 0 ? * SUN"/> <!-- Weekly -->
        <property name="currentRepoDescriptorDAO"   ref="currentRepoDescriptorDAO"/>
        <property name="serverDescriptorDAO"        ref="serverDescriptorDAO"/>
        <property name="deploymentMethodProvider"   ref="deploymentMethodProvider"/>
        <property name="dataSource"                 ref="dataSource" />
    </bean>

    <!-- HeartBeat repository usage model data collector -->
    <bean id="modelUsageDataCollector" class="org.alfresco.heartbeat.ModelUsageDataCollector" parent="hbBaseDataCollector" >
        <constructor-arg name="collectorId"         value="acs.repository.usage.model"/>  <!-- Collector ID -->
        <constructor-arg name="collectorVersion"    value="1.0"/>  <!-- Collector version -->
        <constructor-arg name="cronExpression"      value="0 0 0 ? * *"/> <!-- Daily -->
        <property name="currentRepoDescriptorDAO"   ref="currentRepoDescriptorDAO"/>
        <property name="customModelService"         ref="customModelService"/>
        <property name="transactionService"         ref="transactionService"/>
    </bean>

    <!-- HeartBeat repository usage system data collector -->
    <bean id="systemUsageDataCollector" class="org.alfresco.heartbeat.SystemUsageDataCollector" parent="hbBaseDataCollector" >
        <constructor-arg name="collectorId"         value="acs.repository.usage.system"/>  <!-- Collector ID -->
        <constructor-arg name="collectorVersion"    value="1.2"/> <!-- Collector version -->
        <constructor-arg name="cronExpression"      value="0 0 0 ? * *"/> <!-- Daily -->
        <property name="currentRepoDescriptorDAO"   ref="currentRepoDescriptorDAO"/>
        <property name="dataSource"                 ref="dataSource"/>
        <property name="hbJobScheduler"             ref="hbNonLockingJobScheduler"/> <!--Schedule a non locking job for this collector -->
    </bean>

    <!-- HeartBeat authority data collector -->
    <bean id="authorityDataCollector" class="org.alfresco.heartbeat.AuthoritiesDataCollector" parent="hbBaseDataCollector" >
        <constructor-arg name="collectorId"         value="acs.repository.usage.authorities"/>  <!-- Collector ID -->
        <constructor-arg name="collectorVersion"    value="1.0"/>  <!-- Collector version -->
        <constructor-arg name="cronExpression"      value="0 0 0 ? * *"/> <!-- Daily -->
        <property name="currentRepoDescriptorDAO"   ref="currentRepoDescriptorDAO"/>
        <property name="authorityService"           ref="authorityService"/>
    </bean>

    <!-- HeartBeat configuration data collector-->
    <bean id="configurationDataCollector" class="org.alfresco.heartbeat.ConfigurationDataCollector" parent="hbBaseDataCollector" >
        <constructor-arg name="collectorId"         value="acs.repository.configuration"/>  <!-- Collector ID -->
        <constructor-arg name="collectorVersion"    value="1.1"/>  <!-- Collector version -->
        <constructor-arg name="cronExpression"      value="0 0 0 ? * SUN"/> <!-- Weekly -->
        <property name="currentRepoDescriptorDAO"   ref="currentRepoDescriptorDAO"/>
        <property name="smartFoldersBundle"         ref="smartFoldersBundle"/>
        <property name="serverModeProvider"         ref="serverMode"/>
        <property name="repoUsageComponent"         ref="repoUsageComponent"/>
        <property name="moduleService"              ref="moduleService"/>
        <property name="auditService"               ref="auditService"/>
        <property name="transactionService"         ref="transactionService"/>
        <property name="dataSource"                 ref="dataSource"/>
        <property name="thumbnailService"           ref="thumbnailService"/>
        <property name="webdavService"              ref="webdavService"/>
        <property name="workflowAdminService"       ref="workflowAdminService"/>
        <property name="replicationSubsystem"       ref="Replication"/>
        <property name="imapSubsystem"              ref="imap"/>
        <property name="inboundSMTPSubsystem"       ref="InboundSMTP"/>
        <property name="activitiesFeedSubsystem"    ref="ActivitiesFeed"/>
        <property name="fileServersSubsystem"       ref="fileServers"/>
        <property name="authenticationSubsystem"    ref="Authentication"/>
    </bean>

    <!-- HeartBeat sessions usage data collector -->
    <bean id="sessionsUsageDataCollector" class="org.alfresco.heartbeat.SessionsUsageDataCollector" parent="hbBaseDataCollector" >
        <constructor-arg name="collectorId"         value="acs.repository.usage.sessions"/>  <!-- Collector ID -->
        <constructor-arg name="collectorVersion"    value="1.0"/>  <!-- Collector version -->
        <constructor-arg name="cronExpression"      value="0 0 0/1 * * ?"/> <!-- Hourly -->
        <property name="currentRepoDescriptorDAO"   ref="currentRepoDescriptorDAO"/>
        <property name="repoServerMgmt"             ref="RepoServerMgmt"/>
    </bean>
</beans>
