<?xml version="1.0" encoding="UTF-8" ?>

<!DOCTYPE mapper PUBLIC "-//mybatis.org//DTD Mapper 3.0//EN" "http://mybatis.org/dtd/mybatis-3-mapper.dtd">

<mapper namespace="alfresco.content.insert">

    <insert id="insert_Mimetype" parameterType="Mimetype" useGeneratedKeys="true" keyProperty="id">
        <include refid="alfresco.content.insert_Mimetype_AutoIncrement"/>
    </insert>

    <insert id="insert_Encoding" parameterType="Encoding" useGeneratedKeys="true" keyProperty="id">
        <include refid="alfresco.content.insert_Encoding_AutoIncrement"/>
    </insert>

    <insert id="insert_ContentUrl" parameterMap="alfresco.content.parameter_ContentUrl" useGeneratedKeys="true" keyProperty="id">
        <include refid="alfresco.content.insert_ContentUrl_AutoIncrement"/>
    </insert>

    <insert id="insert_ContentData" parameterMap="alfresco.content.parameter_ContentData" useGeneratedKeys="true" keyProperty="id">
        <include refid="alfresco.content.insert_ContentData_AutoIncrement"/>
    </insert>

    <insert id="insert_KeyData" parameterMap="alfresco.content.parameter_ContentUrlKey" useGeneratedKeys="true" keyProperty="id">
        <include refid="alfresco.content.insert_KeyData_AutoIncrement"/>
    </insert>
</mapper>