<?xml version="1.0" encoding="UTF-8"?>
<view:view xmlns:view="http://www.alfresco.org/view/repository/1.0">
  <cm:folder xmlns="" xmlns:fm="http://www.alfresco.org/model/forum/1.0" xmlns:st="http://www.alfresco.org/model/site/1.0" xmlns:custom="custom.model" xmlns:exif="http://www.alfresco.org/model/exif/1.0" xmlns:alfcmis="http://www.alfresco.org/model/cmis/1.0/alfcmis" xmlns:inwf="http://www.alfresco.org/model/workflow/invite/nominated/1.0" xmlns:suwf="http://www.alfresco.org/model/workflow/signup/selfsignup/1.0" xmlns:cm="http://www.alfresco.org/model/content/1.0" xmlns:imap="http://www.alfresco.org/model/imap/1.0" xmlns:stcp="http://www.alfresco.org/model/sitecustomproperty/1.0" xmlns:ver2="http://www.alfresco.org/model/versionstore/2.0" xmlns:view="http://www.alfresco.org/view/repository/1.0" xmlns:imwf="http://www.alfresco.org/model/workflow/invite/moderated/1.0" xmlns:cmisext="http://www.alfresco.org/model/cmis/1.0/cs01ext" xmlns:wf="http://www.alfresco.org/model/workflow/1.0" xmlns:trx="http://www.alfresco.org/model/transfer/1.0" xmlns:rn="http://www.alfresco.org/model/rendition/1.0" xmlns:sys="http://www.alfresco.org/model/system/1.0" xmlns:lnk="http://www.alfresco.org/model/linksmodel/1.0" xmlns:webdav="http://www.alfresco.org/model/webdav/1.0" xmlns:ver="http://www.alfresco.org/model/versionstore/1.0" xmlns:cmiscustom="http://www.alfresco.org/model/cmis/custom" xmlns:emailserver="http://www.alfresco.org/model/emailserver/1.0" xmlns:ia="http://www.alfresco.org/model/calendar" xmlns:rule="http://www.alfresco.org/model/rule/1.0" xmlns:dl="http://www.alfresco.org/model/datalist/1.0" xmlns:usr="http://www.alfresco.org/model/user/1.0" xmlns:app="http://www.alfresco.org/model/application/1.0" xmlns:d="http://www.alfresco.org/model/dictionary/1.0" xmlns:module="http://www.alfresco.org/system/modules/1.0" xmlns:blg="http://www.alfresco.org/model/blogintegration/1.0" xmlns:alf="http://www.alfresco.org" xmlns:cmis="http://www.alfresco.org/model/cmis/1.0/cs01" xmlns:bpm="http://www.alfresco.org/model/bpm/1.0" xmlns:reg="http://www.alfresco.org/system/registry/1.0" xmlns:cloud="http://www.alfresco.org/model/cloud/1.0" xmlns:act="http://www.alfresco.org/model/action/1.0" view:childName="cm:surf-config">
    <view:aspects>
      <sys:localized></sys:localized>
      <sys:referenceable></sys:referenceable>
      <cm:auditable></cm:auditable>
    </view:aspects>
    <view:acl></view:acl>
    <view:properties>
      <cm:name>surf-config</cm:name>
      <sys:store-identifier>SpacesStore</sys:store-identifier>
      <sys:locale>en_US_</sys:locale>
      <sys:store-protocol>workspace</sys:store-protocol>
      <cm:isIndexed>false</cm:isIndexed>
    </view:properties>
    <view:associations>
      <cm:contains>
        <cm:folder view:childName="cm:components">
          <view:aspects>
            <sys:localized></sys:localized>
            <sys:referenceable></sys:referenceable>
            <cm:auditable></cm:auditable>
          </view:aspects>
          <view:acl></view:acl>
          <view:properties>
            <cm:name>components</cm:name>
            <sys:store-identifier>SpacesStore</sys:store-identifier>
            <sys:locale>en_US_</sys:locale>
            <sys:store-protocol>workspace</sys:store-protocol>
            <cm:isIndexed>false</cm:isIndexed>
          </view:properties>
          <view:associations>
            <cm:contains>
              <cm:content view:childName="cm:page.title.site~${siteId}~dashboard.xml">
                <view:aspects>
                  <sys:localized></sys:localized>
                  <sys:referenceable></sys:referenceable>
                  <cm:auditable></cm:auditable>
                </view:aspects>
                <view:acl></view:acl>
                <view:properties>
                  <cm:name>page.title.site~${siteId}~dashboard.xml</cm:name>
                  <sys:store-identifier>SpacesStore</sys:store-identifier>
                  <sys:locale>en_US_</sys:locale>
                  <cm:content>contentUrl=surf-config/content0.bin|mimetype=application/octet-stream|size=260|encoding=UTF-8|locale=en_US_</cm:content>
                  <sys:store-protocol>workspace</sys:store-protocol>
                  <cm:isIndexed>false</cm:isIndexed>
                </view:properties>
              </cm:content>
              <cm:content view:childName="cm:page.navigation.site~${siteId}~dashboard.xml">
                <view:aspects>
                  <sys:localized></sys:localized>
                  <sys:referenceable></sys:referenceable>
                  <cm:auditable></cm:auditable>
                </view:aspects>
                <view:acl></view:acl>
                <view:properties>
                  <cm:name>page.navigation.site~${siteId}~dashboard.xml</cm:name>
                  <sys:store-identifier>SpacesStore</sys:store-identifier>
                  <sys:locale>en_US_</sys:locale>
                  <cm:content>contentUrl=surf-config/content1.bin|mimetype=application/octet-stream|size=280|encoding=UTF-8|locale=en_US_</cm:content>
                  <sys:store-protocol>workspace</sys:store-protocol>
                  <cm:isIndexed>false</cm:isIndexed>
                </view:properties>
              </cm:content>
              <cm:content view:childName="cm:page.component-1-1.site~${siteId}~dashboard.xml">
                <view:aspects>
                  <sys:localized></sys:localized>
                  <sys:referenceable></sys:referenceable>
                  <cm:auditable></cm:auditable>
                </view:aspects>
                <view:acl></view:acl>
                <view:properties>
                  <cm:name>page.component-1-1.site~${siteId}~dashboard.xml</cm:name>
                  <sys:store-identifier>SpacesStore</sys:store-identifier>
                  <sys:locale>en_US_</sys:locale>
                  <cm:content>contentUrl=surf-config/content3.bin|mimetype=application/octet-stream|size=326|encoding=UTF-8|locale=en_US_</cm:content>
                  <sys:store-protocol>workspace</sys:store-protocol>
                  <cm:isIndexed>false</cm:isIndexed>
                </view:properties>
              </cm:content>
              <cm:content view:childName="cm:page.component-2-1.site~${siteId}~dashboard.xml">
                <view:aspects>
                  <sys:localized></sys:localized>
                  <sys:referenceable></sys:referenceable>
                  <cm:auditable></cm:auditable>
                </view:aspects>
                <view:acl></view:acl>
                <view:properties>
                  <cm:name>page.component-2-1.site~${siteId}~dashboard.xml</cm:name>
                  <sys:store-identifier>SpacesStore</sys:store-identifier>
                  <sys:locale>en_US_</sys:locale>
                  <cm:content>contentUrl=surf-config/content4.bin|mimetype=application/octet-stream|size=270|encoding=UTF-8|locale=en_US_</cm:content>
                  <sys:store-protocol>workspace</sys:store-protocol>
                  <cm:isIndexed>false</cm:isIndexed>
                </view:properties>
              </cm:content>
              <cm:content view:childName="cm:page.component-2-2.site~${siteId}~dashboard.xml">
                <view:aspects>
                  <sys:localized></sys:localized>
                  <sys:referenceable></sys:referenceable>
                  <cm:auditable></cm:auditable>
                </view:aspects>
                <view:acl></view:acl>
                <view:properties>
                  <cm:name>page.component-2-2.site~${siteId}~dashboard.xml</cm:name>
                  <sys:store-identifier>SpacesStore</sys:store-identifier>
                  <sys:locale>en_US_</sys:locale>
                  <cm:content>contentUrl=surf-config/content5.bin|mimetype=application/octet-stream|size=272|encoding=UTF-8|locale=en_US_</cm:content>
                  <sys:store-protocol>workspace</sys:store-protocol>
                  <cm:isIndexed>false</cm:isIndexed>
                </view:properties>
              </cm:content>
            </cm:contains>
          </view:associations>
        </cm:folder>
        <cm:folder view:childName="cm:pages">
          <view:aspects>
            <sys:localized></sys:localized>
            <sys:referenceable></sys:referenceable>
            <cm:auditable></cm:auditable>
          </view:aspects>
          <view:acl></view:acl>
          <view:properties>
            <cm:name>pages</cm:name>
            <sys:store-identifier>SpacesStore</sys:store-identifier>
            <sys:locale>en_US_</sys:locale>
            <sys:store-protocol>workspace</sys:store-protocol>
            <cm:isIndexed>false</cm:isIndexed>
          </view:properties>
          <view:associations>
            <cm:contains>
              <cm:folder view:childName="cm:site">
                <view:aspects>
                  <sys:localized></sys:localized>
                  <sys:referenceable></sys:referenceable>
                  <cm:auditable></cm:auditable>
                </view:aspects>
                <view:acl></view:acl>
                <view:properties>
                  <cm:name>site</cm:name>
                  <sys:store-identifier>SpacesStore</sys:store-identifier>
                  <sys:locale>en_US_</sys:locale>
                  <sys:store-protocol>workspace</sys:store-protocol>
                  <cm:isIndexed>false</cm:isIndexed>
                </view:properties>
                <view:associations>
                  <cm:contains>
                    <cm:folder view:childName="cm:${siteId}">
                      <view:aspects>
                        <sys:localized></sys:localized>
                        <sys:referenceable></sys:referenceable>
                        <cm:auditable></cm:auditable>
                      </view:aspects>
                      <view:acl></view:acl>
                      <view:properties>
                        <cm:name>${siteId}</cm:name>
                        <sys:store-identifier>SpacesStore</sys:store-identifier>
                        <sys:locale>en_US_</sys:locale>
                        <sys:store-protocol>workspace</sys:store-protocol>
                        <cm:isIndexed>false</cm:isIndexed>
                      </view:properties>
                      <view:associations>
                        <cm:contains>
                          <cm:content view:childName="cm:dashboard.xml">
                            <view:aspects>
                              <sys:localized></sys:localized>
                              <sys:referenceable></sys:referenceable>
                              <cm:auditable></cm:auditable>
                            </view:aspects>
                            <view:acl></view:acl>
                            <view:properties>
                              <cm:name>dashboard.xml</cm:name>
                              <sys:store-identifier>SpacesStore</sys:store-identifier>
                              <sys:locale>en_US_</sys:locale>
                              <cm:content>contentUrl=surf-config/content6.bin|mimetype=application/octet-stream|size=481|encoding=UTF-8|locale=en_US_</cm:content>
                              <sys:store-protocol>workspace</sys:store-protocol>
                              <cm:isIndexed>false</cm:isIndexed>
                            </view:properties>
                          </cm:content>
                        </cm:contains>
                      </view:associations>
                    </cm:folder>
                  </cm:contains>
                </view:associations>
              </cm:folder>
            </cm:contains>
          </view:associations>
        </cm:folder>
      </cm:contains>
    </view:associations>
  </cm:folder>
</view:view>
