<?xml version='1.0' encoding='UTF-8'?>
<beans xmlns="http://www.springframework.org/schema/beans"
       xmlns:xsi="http://www.w3.org/2001/XMLSchema-instance"
       xsi:schemaLocation="http://www.springframework.org/schema/beans
        http://www.springframework.org/schema/beans/spring-beans.xsd">

    <!-- Blog Service (Alfresco internal storage of blog-related content) -->
    <bean id="BlogService" class="org.springframework.aop.framework.ProxyFactoryBean">
       <property name="proxyInterfaces">
          <value>org.alfresco.service.cmr.blog.BlogService</value>
       </property>
       <property name="target">
          <ref bean="blogService" />
       </property>
       <property name="interceptorNames">
          <list>
             <idref bean="BlogService_transaction" />
             <idref bean="AuditMethodInterceptor" />
             <idref bean="exceptionTranslator" />
             <idref bean="BlogService_security" />
          </list>
       </property>
    </bean>
   
    <!-- Blog service transaction bean -->
    <bean id="BlogService_transaction"
          class="org.springframework.transaction.interceptor.TransactionInterceptor">
       <property name="transactionManager">
          <ref bean="transactionManager" />
       </property>
       <property name="transactionAttributes">
          <props>
             <prop key="*">${server.transaction.mode.default}</prop>
          </props>
       </property>
    </bean>

    <bean id="BlogService_security_getDrafts" class="org.alfresco.repo.security.permissions.impl.acegi.MethodSecurityBean">
        <property name="methodSecurityInterceptor" ref="BlogService_security" />
        <property name="service" value="org.alfresco.service.cmr.blog.BlogService" />
        <property name="methodName" value="getDrafts" />
    </bean>

    <bean id="BlogService_security_getPublished" class="org.alfresco.repo.security.permissions.impl.acegi.MethodSecurityBean">
        <property name="methodSecurityInterceptor" ref="BlogService_security" />
        <property name="service" value="org.alfresco.service.cmr.blog.BlogService" />
        <property name="methodName" value="getPublished" />
    </bean>

    <bean id="BlogService_security_getMyDraftsAndAllPublished" class="org.alfresco.repo.security.permissions.impl.acegi.MethodSecurityBean">
        <property name="methodSecurityInterceptor" ref="BlogService_security" />
        <property name="service" value="org.alfresco.service.cmr.blog.BlogService" />
        <property name="methodName" value="getMyDraftsAndAllPublished" />
    </bean>

    <!-- Blog Service base bean -->
    <bean id="blogService" class="org.alfresco.repo.blog.BlogServiceImpl">
       <property name="cannedQueryRegistry" ref="cannedQueryRegistry"/>
       <property name="contentService" ref="ContentService"/>
       <property name="dictionaryService" ref="DictionaryService"/>
       <property name="namespaceService" ref="NamespaceService"/>
       <property name="nodeService" ref="NodeService"/>
       <property name="siteService" ref="SiteService"/>
       <property name="searchService" ref="SearchService"/>
       <property name="taggingService" ref="TaggingService"/>
       <property name="permissionService" ref="PermissionService"/>
       <property name="transactionService" ref="transactionService" />
       
       <property name="draftBlogPostsCannedQueryFactory" ref="getDraftBlogPostsCannedQueryFactory"/>
       <property name="publishedBlogPostsCannedQueryFactory" ref="getPublishedBlogPostsCannedQueryFactory"/>

       <property name="draftsAndPublishedBlogPostsCannedQueryFactory" ref="getDraftsAndPublishedBlogPostsCannedQueryFactory"/>
    </bean>
    
    <!-- Canned Queries -->
    <!-- We currently need one CQFactory per CQ in order to support interception at each of the different methods -->
    <bean name="parentBlogPostsCannedQueryFactory" abstract="true">
        <property name="registry" ref="cannedQueryRegistry"/>
        <property name="tenantService" ref="tenantService"/>
        <property name="nodeDAO" ref="nodeDAO"/>
        <property name="qnameDAO" ref="qnameDAO"/>
        <property name="cannedQueryDAO" ref="cannedQueryDAO"/>
    </bean>
    
    <bean name="getDraftBlogPostsCannedQueryFactory" parent="parentBlogPostsCannedQueryFactory"
          class="org.alfresco.repo.blog.cannedqueries.GetBlogPostsCannedQueryFactory">
      <property name="methodSecurity" ref="BlogService_security_getDrafts"/>
    </bean>

    <bean name="getPublishedBlogPostsCannedQueryFactory" parent="parentBlogPostsCannedQueryFactory"
          class="org.alfresco.repo.blog.cannedqueries.GetBlogPostsCannedQueryFactory">
      <property name="methodSecurity" ref="BlogService_security_getPublished"/>
    </bean>
    
    <bean name="getDraftsAndPublishedBlogPostsCannedQueryFactory" parent="parentBlogPostsCannedQueryFactory"
          class="org.alfresco.repo.blog.cannedqueries.DraftsAndPublishedBlogPostsCannedQueryFactory">
      <property name="methodSecurity" ref="BlogService_security_getMyDraftsAndAllPublished"/>
    </bean>

</beans>
