<?xml version='1.0' encoding='UTF-8'?>
<!-- Logging related bean definitions -->
<beans xmlns="http://www.springframework.org/schema/beans"
       xmlns:xsi="http://www.w3.org/2001/XMLSchema-instance"
       xsi:schemaLocation="http://www.springframework.org/schema/beans
        http://www.springframework.org/schema/beans/spring-beans.xsd">
    <!--
         http://wiki.alfresco.com/wiki/Developing_an_Alfresco_Module#log4j.properties
    -->
    <bean id="log4JHierarchyInit" class="org.alfresco.repo.admin.Log4JHierarchyInit" init-method="init">
        <property name="extraLog4jUrls">
            <list>
                <!-- NOTE: value entries are listed from lowest precedence to highest.  -->

                <!--  Installed  AMP modules  -->
                <value>classpath*:alfresco/module/*/log4j2.properties</value>

                <!--  Enterprise extensions  -->
                <value>classpath*:alfresco/enterprise/*-log4j2.properties</value>

                <!--  Other installed extensions  -->
                <value>classpath*:alfresco/extension/*-log4j2.properties</value>

                <!--  private developer overrides -->
                <value>classpath*:alfresco/extension/dev-log4j2.properties</value>
            </list>
        </property>
    </bean>
</beans>
